transaction_id,customer_id,amount,payment_method,failure_reason,previous_transactions,previous_successes,retry_count,recovered
TX00001,CUST0103,939.24,UPI,None,14,6,0,1
TX00002,CUST0436,2209.97,UPI,None,18,16,1,1
TX00003,CUST0861,830.15,UPI,None,7,0,0,1
TX00004,CUST0271,2065.98,Net Banking,None,10,5,0,1
TX00005,CUST0107,234.91,Card,Authentication Failure,8,3,0,0
TX00006,CUST0072,960.53,Card,None,14,11,0,1
TX00007,CUST0701,1186.66,Card,None,18,14,0,1
TX00008,CUST0021,1122.3,UPI,None,5,4,0,1
TX00009,CUST0615,209.99,UPI,None,14,11,1,1
TX00010,CUST0122,3652.3,UPI,Network Error,10,4,0,1
TX00011,CUST0467,466.53,Net Banking,Bank Timeout,15,1,0,1
TX00012,CUST0215,1533.08,Wallet,None,6,4,0,1
TX00013,CUST0331,1105.4,Card,Authentication Failure,9,1,0,1
TX00014,CUST0459,2992.04,UPI,None,10,3,0,1
TX00015,CUST0088,9774.08,UPI,None,17,9,1,1
TX00016,CUST0373,301.76,UPI,None,1,0,2,1
TX00017,CUST0100,573.11,Card,None,14,13,0,1
TX00018,CUST0872,1324.9,UPI,Expired Card,4,4,0,0
TX00019,CUST0664,363.09,Net Banking,None,2,1,0,1
TX00020,CUST0131,2397.5,UPI,None,3,1,0,1
TX00021,CUST0662,2548.79,Net Banking,Bank Timeout,7,0,0,0
TX00022,CUST0309,1918.79,Card,None,14,3,0,1
TX00023,CUST0770,1389.34,Card,Bank Timeout,12,12,1,1
TX00024,CUST0344,4314.38,Card,None,19,4,0,1
TX00025,CUST0492,345.29,Card,None,18,5,1,1
TX00026,CUST0414,1170.6,Card,Authentication Failure,15,3,0,0
TX00027,CUST0806,523.85,Card,None,1,1,3,1
TX00028,CUST0386,2670.22,Card,Insufficient Funds,3,1,0,0
TX00029,CUST0192,175.33,Wallet,None,15,11,1,1
TX00030,CUST0956,1066.26,Card,Insufficient Funds,4,4,2,1
TX00031,CUST0277,1533.39,Card,None,15,6,2,1
TX00032,CUST0161,425.18,Net Banking,None,10,2,0,1
TX00033,CUST0460,586.29,UPI,Insufficient Funds,6,5,0,1
TX00034,CUST0314,1113.63,UPI,None,13,9,0,1
TX00035,CUST0022,2850.06,Card,Network Error,7,3,0,1
TX00036,CUST0253,390.38,Card,Bank Timeout,1,0,0,0
TX00037,CUST0748,464.77,Net Banking,Network Error,11,11,0,1
TX00038,CUST0857,3379.85,UPI,Authentication Failure,14,14,0,0
TX00039,CUST0561,834.66,Card,None,6,4,0,1
TX00040,CUST0475,503.94,Card,None,5,4,0,1
TX00041,CUST0059,2272.61,UPI,None,19,9,0,1
TX00042,CUST0511,673.04,Card,None,19,11,0,1
TX00043,CUST0682,3063.83,Net Banking,None,13,9,0,1
TX00044,CUST0476,564.69,UPI,None,7,5,1,1
TX00045,CUST0700,934.87,Card,None,8,7,0,1
TX00046,CUST0976,2821.35,Card,None,14,4,3,1
TX00047,CUST0783,874.58,UPI,None,19,2,0,1
TX00048,CUST0190,2335.67,UPI,Bank Timeout,19,6,2,0
TX00049,CUST0958,1027.06,Wallet,None,12,1,0,1
TX00050,CUST0687,7956.08,UPI,None,9,2,2,1
TX00051,CUST0958,5264.7,UPI,Insufficient Funds,14,14,0,0
TX00052,CUST0563,290.59,UPI,None,6,1,1,1
TX00053,CUST0876,1848.71,Card,Expired Card,15,15,0,1
TX00054,CUST0567,484.73,Card,None,13,12,1,1
TX00055,CUST0244,1328.1,Card,None,7,7,0,1
TX00056,CUST0832,1174.23,UPI,None,11,3,1,1
TX00057,CUST0505,381.69,Net Banking,Network Error,10,9,1,0
TX00058,CUST0131,3160.5,UPI,None,1,1,2,1
TX00059,CUST0485,1343.86,UPI,Insufficient Funds,7,7,1,0
TX00060,CUST0819,824.95,Card,None,18,7,0,1
TX00061,CUST0647,707.61,UPI,None,3,3,0,1
TX00062,CUST0021,1261.15,Net Banking,None,9,8,1,1
TX00063,CUST0841,1649.0,Net Banking,None,5,1,0,1
TX00064,CUST0167,967.8,UPI,None,13,8,1,1
TX00065,CUST0274,64.55,Net Banking,Authentication Failure,16,7,0,1
TX00066,CUST0388,1115.31,Card,None,16,10,0,1
TX00067,CUST0601,259.44,Net Banking,None,12,9,0,1
TX00068,CUST0316,889.4,UPI,None,18,0,0,1
TX00069,CUST0014,269.19,Card,Insufficient Funds,11,4,1,0
TX00070,CUST0242,266.0,UPI,Expired Card,17,10,0,0
TX00071,CUST0777,3771.1,Net Banking,Network Error,7,1,0,1
TX00072,CUST0346,796.25,UPI,Expired Card,15,9,3,0
TX00073,CUST0565,737.55,Card,Bank Timeout,6,4,0,1
TX00074,CUST0898,1776.72,UPI,Expired Card,6,4,1,0
TX00075,CUST0340,757.03,UPI,Network Error,18,14,0,0
TX00076,CUST0092,8989.44,Card,None,19,8,1,1
TX00077,CUST0367,834.62,Net Banking,None,20,8,0,1
TX00078,CUST0956,1579.91,Card,None,19,0,0,1
TX00079,CUST0455,2895.58,Net Banking,None,2,2,0,1
TX00080,CUST0428,5443.91,UPI,None,3,3,0,1
TX00081,CUST0509,522.17,Card,None,14,11,3,1
TX00082,CUST0776,722.01,Card,Authentication Failure,4,2,0,0
TX00083,CUST0943,3922.92,UPI,None,17,9,1,1
TX00084,CUST0035,2465.28,Card,Network Error,6,2,0,1
TX00085,CUST0206,3213.69,Card,Network Error,19,15,0,0
TX00086,CUST0081,279.02,Card,Expired Card,9,5,0,0
TX00087,CUST0932,5156.43,Card,Authentication Failure,4,2,0,0
TX00088,CUST0562,512.14,Card,Network Error,7,2,0,1
TX00089,CUST0872,1329.15,UPI,None,4,0,0,1
TX00090,CUST0388,945.56,UPI,None,11,2,1,1
TX00091,CUST0002,455.56,Card,None,2,1,0,1
TX00092,CUST0390,267.06,UPI,Network Error,10,8,0,1
TX00093,CUST0566,191.74,UPI,Insufficient Funds,6,6,0,0
TX00094,CUST0106,1235.24,UPI,Bank Timeout,8,7,1,0
TX00095,CUST0772,238.57,Card,None,15,7,0,1
TX00096,CUST0822,352.9,UPI,None,13,1,2,1
TX00097,CUST0477,881.8,Card,None,2,1,0,1
TX00098,CUST0703,78.35,Card,None,20,12,0,1
TX00099,CUST0402,2389.84,UPI,None,1,0,0,1
TX00100,CUST0730,98.51,Card,None,15,4,0,1
TX00101,CUST0556,1014.98,Card,Insufficient Funds,7,5,1,0
TX00102,CUST0162,1113.23,Card,None,18,11,0,1
TX00103,CUST0202,1878.19,Card,None,10,1,0,1
TX00104,CUST0958,1051.86,UPI,Authentication Failure,15,4,0,0
TX00105,CUST0996,8249.5,Card,None,5,3,0,1
TX00106,CUST0270,1361.47,UPI,None,11,8,2,1
TX00107,CUST0863,3145.14,Net Banking,None,8,0,1,1
TX00108,CUST0816,531.94,Net Banking,None,8,5,0,1
TX00109,CUST0271,1237.39,Card,None,6,6,0,1
TX00110,CUST0456,5154.21,UPI,None,15,14,2,1
TX00111,CUST0462,864.63,UPI,None,15,11,0,1
TX00112,CUST0727,1329.07,UPI,None,5,5,2,1
TX00113,CUST0252,2924.43,Card,None,13,4,0,1
TX00114,CUST0702,522.05,UPI,Insufficient Funds,14,11,0,0
TX00115,CUST0296,126.27,Card,None,11,3,1,1
TX00116,CUST0725,1415.98,UPI,Authentication Failure,20,20,0,1
TX00117,CUST0720,2947.37,Wallet,None,12,8,1,1
TX00118,CUST0749,283.88,UPI,None,20,4,0,1
TX00119,CUST0338,2143.55,Net Banking,Network Error,1,1,1,1
TX00120,CUST0879,2158.06,Net Banking,None,3,2,0,1
TX00121,CUST0053,112.9,Card,None,8,7,0,1
TX00122,CUST0792,429.97,Card,None,12,6,1,1
TX00123,CUST0922,738.17,UPI,None,15,3,0,1
TX00124,CUST0217,916.33,Card,Bank Timeout,3,1,1,0
TX00125,CUST0764,521.58,UPI,Authentication Failure,8,4,3,0
TX00126,CUST0188,494.23,UPI,None,19,6,1,1
TX00127,CUST0380,5834.14,Card,None,20,5,1,1
TX00128,CUST0493,984.8,Card,None,6,4,1,1
TX00129,CUST0041,547.28,Card,Expired Card,18,18,0,0
TX00130,CUST0157,1052.4,UPI,Bank Timeout,11,9,1,1
TX00131,CUST0015,1876.36,UPI,Authentication Failure,12,2,0,0
TX00132,CUST0813,1154.74,UPI,None,2,1,1,1
TX00133,CUST0065,892.72,UPI,Network Error,5,5,0,1
TX00134,CUST0857,572.48,UPI,None,4,2,0,1
TX00135,CUST0839,565.59,UPI,None,9,9,0,1
TX00136,CUST0521,603.17,UPI,Authentication Failure,13,12,1,0
TX00137,CUST0344,1538.89,Net Banking,None,13,0,0,1
TX00138,CUST0129,405.78,UPI,Expired Card,15,12,0,0
TX00139,CUST0648,1625.01,Card,None,2,0,0,1
TX00140,CUST0472,4505.23,UPI,Bank Timeout,13,1,0,1
TX00141,CUST0063,1518.85,Net Banking,None,7,3,0,1
TX00142,CUST0139,757.8,Card,None,17,12,0,1
TX00143,CUST0499,299.43,UPI,None,8,2,1,1
TX00144,CUST0593,5314.04,Card,None,18,4,0,1
TX00145,CUST0392,340.35,UPI,None,15,15,2,1
TX00146,CUST0675,2562.05,Card,None,15,9,0,1
TX00147,CUST0419,2076.66,UPI,None,5,3,0,1
TX00148,CUST0289,865.43,Wallet,None,2,0,0,1
TX00149,CUST0379,843.05,UPI,None,16,15,3,1
TX00150,CUST0773,174.91,UPI,None,5,5,0,1
TX00151,CUST0490,1525.48,Card,Bank Timeout,6,4,0,0
TX00152,CUST0231,2038.41,UPI,Insufficient Funds,12,9,2,0
TX00153,CUST0041,369.05,Net Banking,None,5,0,0,1
TX00154,CUST0028,938.4,Card,None,20,8,0,1
TX00155,CUST0135,1138.95,Card,Network Error,8,2,1,0
TX00156,CUST0201,1967.61,UPI,None,11,1,1,1
TX00157,CUST0840,1100.81,Net Banking,None,14,5,1,1
TX00158,CUST0780,215.66,Card,None,17,11,1,1
TX00159,CUST0930,645.52,UPI,None,10,2,0,1
TX00160,CUST0033,1372.82,UPI,None,2,1,2,1
TX00161,CUST0048,2544.09,UPI,None,3,3,0,1
TX00162,CUST0503,591.32,Wallet,None,13,11,0,1
TX00163,CUST0407,9775.65,UPI,None,17,12,0,1
TX00164,CUST0574,164.93,Card,None,3,3,1,1
TX00165,CUST0728,624.09,UPI,None,10,5,1,1
TX00166,CUST0805,1009.25,UPI,None,8,1,0,1
TX00167,CUST0099,897.17,Card,None,4,4,0,1
TX00168,CUST0684,319.85,Wallet,Authentication Failure,13,12,0,1
TX00169,CUST0872,1716.19,Card,None,7,2,3,1
TX00170,CUST0726,1589.37,Net Banking,None,7,4,0,1
TX00171,CUST0987,1150.51,Card,None,16,1,0,1
TX00172,CUST0547,1528.2,UPI,None,5,2,1,1
TX00173,CUST0961,717.82,UPI,None,17,8,2,1
TX00174,CUST0739,217.6,Card,None,10,3,1,1
TX00175,CUST0613,535.59,Wallet,Insufficient Funds,4,0,2,0
TX00176,CUST0943,1283.13,Net Banking,None,14,10,1,1
TX00177,CUST0462,1290.45,UPI,Bank Timeout,5,4,2,1
TX00178,CUST0643,1142.96,UPI,None,2,1,0,1
TX00179,CUST0769,1898.29,UPI,Expired Card,14,14,0,1
TX00180,CUST0005,613.3,Net Banking,Network Error,18,18,1,1
TX00181,CUST0218,1126.29,Net Banking,Expired Card,11,8,0,0
TX00182,CUST0503,1943.2,Card,None,16,15,2,1
TX00183,CUST0767,1007.38,UPI,None,18,10,0,1
TX00184,CUST0398,316.3,Card,Network Error,16,14,0,1
TX00185,CUST0871,419.27,Card,Insufficient Funds,4,2,0,0
TX00186,CUST0795,2517.07,UPI,Expired Card,1,1,0,0
TX00187,CUST0393,4413.72,Card,None,14,2,0,1
TX00188,CUST0207,3552.06,UPI,Bank Timeout,12,4,0,0
TX00189,CUST0015,1383.2,UPI,None,10,10,2,1
TX00190,CUST0858,329.27,Net Banking,None,19,3,2,1
TX00191,CUST0554,1089.69,Card,None,4,1,0,1
TX00192,CUST0892,5230.46,UPI,None,20,8,0,1
TX00193,CUST0461,2035.48,Card,Authentication Failure,3,0,0,0
TX00194,CUST0691,891.16,UPI,None,4,0,0,1
TX00195,CUST0575,2056.22,Card,None,15,7,0,1
TX00196,CUST0864,308.16,Card,None,11,8,0,1
TX00197,CUST0743,546.93,Card,None,16,4,0,1
TX00198,CUST0241,370.85,Card,None,4,3,1,1
TX00199,CUST0564,1753.86,UPI,None,6,1,0,1
TX00200,CUST0096,2239.71,UPI,None,8,3,0,1
TX00201,CUST0900,940.28,Card,Bank Timeout,13,1,0,0
TX00202,CUST0734,458.09,UPI,Expired Card,20,8,1,0
TX00203,CUST0485,1075.19,Card,None,4,4,1,1
TX00204,CUST0407,674.13,UPI,None,5,2,1,1
TX00205,CUST0231,494.64,UPI,None,10,2,1,1
TX00206,CUST0749,1539.16,UPI,Network Error,5,5,0,1
TX00207,CUST0655,513.89,Wallet,None,12,8,0,1
TX00208,CUST0171,228.98,UPI,None,1,0,1,1
TX00209,CUST0541,285.97,Card,None,10,4,1,1
TX00210,CUST0036,220.69,UPI,Authentication Failure,5,3,0,0
TX00211,CUST0525,1404.61,UPI,None,19,6,0,1
TX00212,CUST0160,1274.62,Card,None,19,6,1,1
TX00213,CUST0839,1212.6,Card,Expired Card,20,7,0,0
TX00214,CUST0699,1973.83,Card,None,12,10,0,1
TX00215,CUST0243,3611.79,Net Banking,Network Error,16,0,0,1
TX00216,CUST0086,606.52,UPI,None,5,2,0,1
TX00217,CUST0796,1646.62,UPI,Expired Card,17,8,0,0
TX00218,CUST0578,225.97,Net Banking,None,14,8,0,1
TX00219,CUST0682,4353.39,UPI,Insufficient Funds,12,6,1,0
TX00220,CUST0557,315.82,Card,None,13,11,0,1
TX00221,CUST0574,539.11,Card,Network Error,14,5,1,1
TX00222,CUST0953,603.23,UPI,None,5,4,1,1
TX00223,CUST0646,238.35,Card,None,5,4,0,1
TX00224,CUST0796,1132.94,UPI,Bank Timeout,18,4,0,0
TX00225,CUST0028,1358.18,UPI,None,14,4,1,1
TX00226,CUST0620,907.4,UPI,None,18,18,0,1
TX00227,CUST0556,235.04,Net Banking,None,20,0,0,1
TX00228,CUST0340,7969.57,UPI,Bank Timeout,1,1,0,1
TX00229,CUST0798,1899.28,Card,None,7,7,0,1
TX00230,CUST0958,15278.81,Net Banking,Bank Timeout,17,17,1,1
TX00231,CUST0331,490.24,Card,None,3,3,1,1
TX00232,CUST0640,2858.01,Card,None,10,7,0,1
TX00233,CUST0506,2390.54,Card,None,7,1,3,1
TX00234,CUST0348,820.1,UPI,None,12,7,0,1
TX00235,CUST0473,4496.48,Card,None,15,9,1,1
TX00236,CUST0231,731.13,Card,None,16,14,1,1
TX00237,CUST0190,764.41,Wallet,None,8,2,1,1
TX00238,CUST0225,34.08,Net Banking,Expired Card,6,1,0,0
TX00239,CUST0385,1650.82,Net Banking,None,4,2,1,1
TX00240,CUST0377,291.34,Net Banking,None,11,11,0,1
TX00241,CUST0283,632.25,Card,None,17,15,0,1
TX00242,CUST0958,392.99,Card,None,2,1,0,1
TX00243,CUST0633,760.34,Net Banking,None,6,3,1,1
TX00244,CUST0628,1709.37,UPI,None,4,2,0,1
TX00245,CUST0973,1108.92,Wallet,Network Error,3,2,0,0
TX00246,CUST0745,2229.74,UPI,None,7,0,0,1
TX00247,CUST0259,3887.92,Card,None,7,7,0,1
TX00248,CUST0359,758.39,Card,None,16,9,0,1
TX00249,CUST0710,679.55,Wallet,None,2,0,2,1
TX00250,CUST0456,2857.57,UPI,None,8,1,0,1
TX00251,CUST0411,3093.47,Card,None,15,12,0,1
TX00252,CUST0649,2299.83,Card,None,16,12,1,1
TX00253,CUST0318,423.19,UPI,None,1,0,1,1
TX00254,CUST0677,1673.47,Card,Network Error,10,7,1,1
TX00255,CUST0225,1223.5,Card,None,7,2,1,1
TX00256,CUST0819,3141.73,Card,None,16,9,0,1
TX00257,CUST0234,618.4,UPI,None,10,5,1,1
TX00258,CUST0684,207.14,Card,None,12,4,0,1
TX00259,CUST0664,2186.89,Card,None,17,8,1,1
TX00260,CUST0975,84.91,UPI,None,13,10,3,1
TX00261,CUST0827,527.68,UPI,Network Error,12,6,1,1
TX00262,CUST0374,394.18,Wallet,None,15,5,1,1
TX00263,CUST0672,391.53,Card,None,14,5,0,1
TX00264,CUST0608,518.51,Card,None,19,0,0,1
TX00265,CUST0472,3704.76,UPI,None,19,13,2,1
TX00266,CUST0233,2491.29,UPI,None,14,7,0,1
TX00267,CUST0692,852.58,UPI,None,18,5,0,1
TX00268,CUST0113,3407.12,UPI,None,5,3,1,1
TX00269,CUST0830,379.06,Card,None,20,16,0,1
TX00270,CUST0497,330.87,Card,None,6,6,1,1
TX00271,CUST0442,2600.86,Card,Insufficient Funds,18,4,2,0
TX00272,CUST0564,1957.93,UPI,None,14,12,0,1
TX00273,CUST0268,692.1,Card,None,4,2,0,1
TX00274,CUST0510,352.32,UPI,Network Error,1,1,0,1
TX00275,CUST0807,4720.79,UPI,Bank Timeout,13,4,2,0
TX00276,CUST0386,196.35,Net Banking,Insufficient Funds,11,11,0,0
TX00277,CUST0387,602.79,Card,None,3,2,0,1
TX00278,CUST0113,1378.26,Card,Insufficient Funds,17,8,1,0
TX00279,CUST0613,6648.62,UPI,None,18,5,0,1
TX00280,CUST0625,1608.57,Net Banking,None,10,5,0,1
TX00281,CUST0952,1772.78,Card,None,16,1,1,1
TX00282,CUST0081,620.56,Card,Network Error,13,9,3,0
TX00283,CUST0699,1936.2,UPI,None,20,1,0,1
TX00284,CUST0113,1218.42,Wallet,None,12,5,0,1
TX00285,CUST0002,223.98,Net Banking,None,4,3,0,1
TX00286,CUST0642,2423.42,Net Banking,None,8,7,1,1
TX00287,CUST0220,2894.0,UPI,Insufficient Funds,12,1,0,0
TX00288,CUST0566,2448.83,UPI,None,19,8,3,1
TX00289,CUST0855,1133.8,UPI,None,15,12,0,1
TX00290,CUST0997,421.5,UPI,Network Error,16,15,0,1
TX00291,CUST0736,108.94,Net Banking,None,12,11,0,1
TX00292,CUST0225,1283.12,UPI,None,20,14,2,1
TX00293,CUST0385,3235.51,UPI,Bank Timeout,18,13,0,1
TX00294,CUST0403,2967.67,UPI,Authentication Failure,12,3,0,1
TX00295,CUST0638,2480.15,UPI,Insufficient Funds,16,3,0,0
TX00296,CUST0130,1018.2,UPI,None,20,3,1,1
TX00297,CUST0053,3253.43,Card,None,11,10,0,1
TX00298,CUST0684,2763.25,Card,None,20,20,1,1
TX00299,CUST0730,718.64,UPI,None,14,7,0,1
TX00300,CUST0672,2157.27,UPI,None,2,1,2,1
TX00301,CUST0710,641.65,UPI,None,13,10,1,1
TX00302,CUST0416,1881.88,UPI,Insufficient Funds,14,4,0,0
TX00303,CUST0247,299.13,Card,None,6,5,3,1
TX00304,CUST0836,323.04,Card,None,12,1,0,1
TX00305,CUST0439,3159.62,Card,None,7,6,1,1
TX00306,CUST0203,2800.52,Card,None,4,2,0,1
TX00307,CUST0184,2066.5,UPI,Expired Card,7,2,0,0
TX00308,CUST0123,1197.47,Wallet,None,13,7,0,1
TX00309,CUST0401,100.36,Net Banking,None,11,0,0,1
TX00310,CUST0767,1017.52,Net Banking,None,8,6,0,1
TX00311,CUST0294,1727.07,UPI,None,19,2,1,1
TX00312,CUST0280,642.44,Net Banking,None,2,1,0,1
TX00313,CUST0837,537.81,Net Banking,Bank Timeout,18,14,1,1
TX00314,CUST0884,4649.06,Net Banking,None,10,7,1,1
TX00315,CUST0610,1032.47,UPI,None,6,2,1,1
TX00316,CUST0198,1728.13,Card,None,4,3,1,1
TX00317,CUST0982,2378.28,Wallet,Network Error,19,12,0,1
TX00318,CUST0907,402.85,Card,Network Error,14,6,0,1
TX00319,CUST0511,1330.36,Card,None,14,11,0,1
TX00320,CUST0752,4103.7,Net Banking,None,18,16,2,1
TX00321,CUST0144,6763.01,UPI,Insufficient Funds,17,15,0,1
TX00322,CUST0609,1141.32,Card,Network Error,18,8,1,1
TX00323,CUST0201,864.42,Card,Bank Timeout,18,5,2,0
TX00324,CUST0124,1435.15,Net Banking,Bank Timeout,5,2,2,0
TX00325,CUST0187,1399.17,UPI,None,9,6,0,1
TX00326,CUST0326,4388.57,Card,None,1,0,0,1
TX00327,CUST0464,404.89,Card,Insufficient Funds,4,4,2,1
TX00328,CUST0349,828.92,Card,Authentication Failure,7,4,1,0
TX00329,CUST0771,358.83,Card,None,11,7,1,1
TX00330,CUST0660,398.58,Net Banking,None,14,7,1,1
TX00331,CUST0764,1598.11,Net Banking,Authentication Failure,10,8,1,0
TX00332,CUST0955,2464.78,UPI,None,19,3,0,1
TX00333,CUST0932,572.84,UPI,Insufficient Funds,8,1,1,0
TX00334,CUST0403,2373.44,UPI,None,3,2,1,1
TX00335,CUST0346,3332.84,UPI,None,8,4,0,1
TX00336,CUST0963,7590.9,Card,None,18,17,0,1
TX00337,CUST0511,1175.85,Net Banking,None,5,4,2,1
TX00338,CUST0147,578.38,Net Banking,None,20,13,1,1
TX00339,CUST0148,402.43,UPI,None,11,8,0,1
TX00340,CUST0864,364.38,UPI,Network Error,9,1,0,0
TX00341,CUST0711,3826.79,Card,Expired Card,19,14,1,0
TX00342,CUST0820,241.03,Card,None,12,7,0,1
TX00343,CUST0489,3706.15,UPI,None,5,2,0,1
TX00344,CUST0929,460.15,Net Banking,None,16,4,1,1
TX00345,CUST0936,552.69,Net Banking,None,13,3,0,1
TX00346,CUST0640,942.41,UPI,None,6,6,2,1
TX00347,CUST0551,542.59,Net Banking,None,16,11,0,1
TX00348,CUST0338,2784.93,UPI,None,18,18,0,1
TX00349,CUST0872,6723.36,Card,None,17,14,0,1
TX00350,CUST0641,568.25,Card,None,12,8,0,1
TX00351,CUST0779,711.78,UPI,Network Error,1,1,0,1
TX00352,CUST0988,931.39,Net Banking,None,7,4,1,1
TX00353,CUST0953,1883.82,Card,Insufficient Funds,14,4,0,0
TX00354,CUST0473,940.6,Card,Authentication Failure,18,11,2,0
TX00355,CUST0946,4390.76,UPI,Expired Card,1,0,0,1
TX00356,CUST0151,3451.71,UPI,Authentication Failure,20,1,1,0
TX00357,CUST0415,335.14,UPI,None,10,6,3,1
TX00358,CUST0990,1846.35,Card,None,15,11,0,1
TX00359,CUST0298,5015.75,Card,None,11,6,0,1
TX00360,CUST0611,668.62,UPI,Bank Timeout,4,3,1,0
TX00361,CUST0263,817.08,Card,Insufficient Funds,15,12,1,1
TX00362,CUST0764,646.75,Card,Insufficient Funds,16,4,0,0
TX00363,CUST0144,660.45,Card,None,15,3,0,1
TX00364,CUST0346,206.76,Card,Network Error,17,10,1,1
TX00365,CUST0624,290.52,Net Banking,None,11,1,1,1
TX00366,CUST0572,1184.97,Card,None,18,17,0,1
TX00367,CUST0881,4982.06,Card,Network Error,16,6,3,1
TX00368,CUST0002,593.86,UPI,None,15,9,0,1
TX00369,CUST0897,576.65,UPI,Expired Card,11,6,0,0
TX00370,CUST0304,6012.05,UPI,None,13,3,1,1
TX00371,CUST0254,362.04,Card,Insufficient Funds,18,13,1,0
TX00372,CUST0652,208.25,UPI,None,8,3,0,1
TX00373,CUST0453,478.9,UPI,Bank Timeout,9,3,0,1
TX00374,CUST0037,565.22,Card,Bank Timeout,11,10,1,1
TX00375,CUST0160,191.05,UPI,Authentication Failure,17,1,1,0
TX00376,CUST0009,964.84,UPI,None,1,0,3,1
TX00377,CUST0233,2831.17,UPI,Authentication Failure,11,8,0,0
TX00378,CUST0099,303.09,Card,None,7,0,0,1
TX00379,CUST0659,1197.01,UPI,None,8,7,0,1
TX00380,CUST0816,1629.35,Card,None,19,15,1,1
TX00381,CUST0208,1008.9,Card,Bank Timeout,4,0,0,0
TX00382,CUST0131,1320.4,Card,None,4,1,1,1
TX00383,CUST0404,1335.86,Card,Bank Timeout,19,19,0,1
TX00384,CUST0152,486.52,Net Banking,Network Error,9,4,0,0
TX00385,CUST0054,4907.81,UPI,None,17,16,3,1
TX00386,CUST0120,3819.05,UPI,Authentication Failure,18,9,0,0
TX00387,CUST0673,3604.4,UPI,None,1,1,3,1
TX00388,CUST0920,3022.0,UPI,Insufficient Funds,14,4,0,0
TX00389,CUST0628,227.02,UPI,None,4,3,0,1
TX00390,CUST0587,2768.5,UPI,None,10,5,1,1
TX00391,CUST0625,2112.45,Card,None,14,11,1,1
TX00392,CUST0968,235.92,Card,None,7,4,0,1
TX00393,CUST0420,884.56,UPI,None,12,2,0,1
TX00394,CUST0422,1446.34,Card,None,16,1,1,1
TX00395,CUST0104,5792.49,UPI,None,5,4,0,1
TX00396,CUST0852,2263.63,UPI,None,11,5,1,1
TX00397,CUST0254,461.94,Card,None,4,3,0,1
TX00398,CUST0227,5975.29,UPI,Bank Timeout,13,10,1,0
TX00399,CUST0112,1145.71,UPI,None,8,2,0,1
TX00400,CUST0510,849.08,UPI,Insufficient Funds,7,5,0,0
TX00401,CUST0473,790.67,Net Banking,None,11,7,1,1
TX00402,CUST0099,216.25,Card,None,11,11,0,1
TX00403,CUST0153,982.63,UPI,None,17,8,1,1
TX00404,CUST0861,1803.5,Net Banking,None,14,14,0,1
TX00405,CUST0914,745.92,Card,None,2,2,0,1
TX00406,CUST0896,1669.79,Card,None,20,17,0,1
TX00407,CUST0878,462.02,Net Banking,Insufficient Funds,8,7,2,0
TX00408,CUST0338,952.48,UPI,Network Error,2,2,0,0
TX00409,CUST0706,1504.99,UPI,None,15,12,0,1
TX00410,CUST0822,1325.65,Card,Network Error,5,4,1,1
TX00411,CUST0163,220.2,Card,None,6,2,0,1
TX00412,CUST0720,706.97,Card,None,17,4,0,1
TX00413,CUST0957,5869.14,Card,None,8,6,0,1
TX00414,CUST0681,670.19,Net Banking,Bank Timeout,19,17,0,1
TX00415,CUST0996,1114.11,Net Banking,Network Error,5,3,0,1
TX00416,CUST0161,1005.5,Net Banking,Bank Timeout,19,11,1,1
TX00417,CUST0580,5261.86,Net Banking,None,14,11,1,1
TX00418,CUST0801,3985.3,Net Banking,None,10,3,0,1
TX00419,CUST0398,2459.05,UPI,Network Error,13,12,1,1
TX00420,CUST0277,414.37,UPI,None,5,2,0,1
TX00421,CUST0816,1570.55,Card,None,7,4,0,1
TX00422,CUST0916,1935.15,Net Banking,None,10,5,3,1
TX00423,CUST0504,545.33,Card,None,11,4,0,1
TX00424,CUST0896,459.2,Card,None,3,1,0,1
TX00425,CUST0392,6033.09,UPI,None,13,10,1,1
TX00426,CUST0135,811.75,UPI,None,2,2,1,1
TX00427,CUST0195,5513.62,Card,None,4,0,0,1
TX00428,CUST0401,2972.31,UPI,None,3,0,0,1
TX00429,CUST0640,1648.92,UPI,None,15,14,0,1
TX00430,CUST0033,1724.22,UPI,None,4,2,0,1
TX00431,CUST0688,270.31,UPI,None,4,0,1,1
TX00432,CUST0460,1348.54,Card,None,15,10,0,1
TX00433,CUST0955,4523.41,UPI,None,6,1,1,1
TX00434,CUST0883,2167.52,Card,Network Error,5,1,0,1
TX00435,CUST0470,1279.64,UPI,Network Error,12,4,0,1
TX00436,CUST0375,6075.0,Net Banking,None,7,0,0,1
TX00437,CUST0022,911.38,UPI,None,3,2,0,1
TX00438,CUST0750,590.19,Card,Insufficient Funds,7,2,0,0
TX00439,CUST0670,1279.0,Card,None,12,7,0,1
TX00440,CUST0038,2360.12,UPI,None,15,1,0,1
TX00441,CUST0230,196.8,Net Banking,None,19,4,0,1
TX00442,CUST0365,1458.07,Card,None,6,0,0,1
TX00443,CUST0563,2465.98,UPI,None,8,0,2,1
TX00444,CUST0438,837.45,UPI,Expired Card,6,0,0,0
TX00445,CUST0776,3317.49,Net Banking,Insufficient Funds,3,3,2,0
TX00446,CUST0283,2082.21,Card,None,5,1,0,1
TX00447,CUST0027,9333.67,UPI,None,9,7,0,1
TX00448,CUST0226,517.7,UPI,None,16,9,0,1
TX00449,CUST0277,2516.72,Net Banking,None,16,8,2,1
TX00450,CUST0798,396.5,Card,None,9,3,1,1
TX00451,CUST0609,218.03,Card,None,18,1,3,1
TX00452,CUST0284,143.23,UPI,None,13,2,1,1
TX00453,CUST0879,1878.68,Card,None,11,9,0,1
TX00454,CUST0960,1318.5,UPI,None,10,0,3,1
TX00455,CUST0481,679.22,UPI,Expired Card,10,2,3,0
TX00456,CUST0453,186.14,Card,None,6,4,0,1
TX00457,CUST0829,549.83,Wallet,Expired Card,16,14,2,0
TX00458,CUST0816,1101.13,UPI,None,12,8,1,1
TX00459,CUST0659,2423.99,Card,None,4,1,2,1
TX00460,CUST0516,1078.65,Card,None,5,0,2,1
TX00461,CUST0547,1411.01,Card,None,2,1,2,1
TX00462,CUST0192,752.85,Net Banking,None,19,13,2,1
TX00463,CUST0049,6305.79,Card,Authentication Failure,1,0,0,0
TX00464,CUST0512,396.13,UPI,Expired Card,4,1,0,0
TX00465,CUST0017,544.99,Wallet,None,12,10,0,1
TX00466,CUST0172,670.24,Card,None,2,2,0,1
TX00467,CUST0220,1886.93,Net Banking,None,12,11,0,1
TX00468,CUST0158,388.05,Card,None,16,7,1,1
TX00469,CUST0477,1256.04,Net Banking,None,2,0,0,1
TX00470,CUST0046,1293.25,UPI,None,17,7,1,1
TX00471,CUST0373,547.65,UPI,None,2,1,1,1
TX00472,CUST0518,1525.35,Net Banking,None,4,1,1,1
TX00473,CUST0099,400.29,UPI,None,6,4,0,1
TX00474,CUST0892,358.86,UPI,None,7,5,0,1
TX00475,CUST0745,1211.49,Card,None,15,3,0,1
TX00476,CUST0037,208.56,Net Banking,Expired Card,20,16,0,0
TX00477,CUST0280,128.41,UPI,None,12,12,1,1
TX00478,CUST0349,1868.39,Net Banking,Insufficient Funds,5,4,0,0
TX00479,CUST0497,3130.57,Card,Insufficient Funds,14,2,1,0
TX00480,CUST0302,687.59,Card,Authentication Failure,16,8,0,0
TX00481,CUST0181,562.24,Net Banking,Bank Timeout,11,3,0,0
TX00482,CUST0607,2997.5,UPI,None,12,9,1,1
TX00483,CUST0099,348.79,UPI,Insufficient Funds,19,17,0,0
TX00484,CUST0700,280.52,UPI,None,17,15,1,1
TX00485,CUST0993,2225.28,Card,None,7,0,1,1
TX00486,CUST0116,1106.59,Card,Expired Card,9,4,0,0
TX00487,CUST0191,3180.76,Net Banking,Network Error,14,7,0,1
TX00488,CUST0253,128.99,Card,Expired Card,20,14,1,0
TX00489,CUST0981,270.24,Card,Network Error,12,9,1,1
TX00490,CUST0928,1112.46,Card,Insufficient Funds,15,11,0,1
TX00491,CUST0983,1665.16,UPI,Network Error,12,8,1,1
TX00492,CUST0161,2558.04,UPI,Network Error,13,11,0,1
TX00493,CUST0256,1306.12,Net Banking,None,9,0,0,1
TX00494,CUST0323,1292.92,UPI,Authentication Failure,7,5,0,1
TX00495,CUST0128,742.93,UPI,Bank Timeout,1,1,0,1
TX00496,CUST0018,5382.48,Card,Insufficient Funds,10,1,0,0
TX00497,CUST0793,363.94,UPI,None,6,5,0,1
TX00498,CUST0735,1570.3,Net Banking,None,15,0,0,1
TX00499,CUST0566,408.38,UPI,None,15,10,0,1
TX00500,CUST0570,1872.03,UPI,Authentication Failure,9,0,2,0
TX00501,CUST0323,388.77,UPI,None,13,1,0,1
TX00502,CUST0872,2307.26,Card,None,1,0,2,1
TX00503,CUST0686,1226.73,UPI,None,9,3,2,1
TX00504,CUST0792,6276.95,Card,Bank Timeout,3,1,0,0
TX00505,CUST0626,827.97,Net Banking,Bank Timeout,9,3,0,0
TX00506,CUST0288,1677.34,Net Banking,Bank Timeout,20,2,0,0
TX00507,CUST0943,502.88,UPI,None,15,2,3,1
TX00508,CUST0854,822.3,Card,None,7,6,1,1
TX00509,CUST0663,1218.96,Card,None,4,0,3,1
TX00510,CUST0962,238.12,Net Banking,None,20,7,0,1
TX00511,CUST0639,265.7,Wallet,Bank Timeout,17,11,2,1
TX00512,CUST0155,1997.91,UPI,None,4,3,0,1
TX00513,CUST0490,947.58,Card,None,19,9,2,1
TX00514,CUST0386,606.12,UPI,None,5,0,0,1
TX00515,CUST0986,524.8,UPI,None,16,0,1,1
TX00516,CUST0785,545.4,UPI,Authentication Failure,3,3,1,0
TX00517,CUST0104,1227.27,Card,None,11,4,1,1
TX00518,CUST0929,1711.35,Card,Network Error,15,11,0,0
TX00519,CUST0393,135.35,UPI,None,19,19,1,1
TX00520,CUST0811,4504.51,Card,None,14,10,0,1
TX00521,CUST0246,4195.22,UPI,None,16,8,0,1
TX00522,CUST0176,106.63,Card,None,6,5,0,1
TX00523,CUST0039,3248.43,UPI,Bank Timeout,5,2,0,1
TX00524,CUST0477,3150.19,UPI,None,17,4,1,1
TX00525,CUST0682,1097.12,UPI,None,16,8,0,1
TX00526,CUST0759,299.71,UPI,None,2,1,0,1
TX00527,CUST0538,3026.7,Card,None,11,5,0,1
TX00528,CUST0867,861.58,UPI,Bank Timeout,4,4,2,1
TX00529,CUST0818,1898.61,Card,None,6,0,0,1
TX00530,CUST0921,10089.0,UPI,None,7,6,1,1
TX00531,CUST0408,1410.69,Card,Bank Timeout,17,15,0,1
TX00532,CUST0525,438.39,Card,None,8,7,1,1
TX00533,CUST0828,783.89,UPI,None,1,0,0,1
TX00534,CUST0506,497.98,Card,None,15,12,1,1
TX00535,CUST0903,1691.7,UPI,None,20,9,0,1
TX00536,CUST0825,489.77,Card,Network Error,12,9,0,0
TX00537,CUST0036,683.45,UPI,None,15,4,0,1
TX00538,CUST0685,303.56,Card,Expired Card,15,10,2,0
TX00539,CUST0020,960.94,Card,None,9,4,1,1
TX00540,CUST0321,1308.65,Net Banking,Authentication Failure,16,12,2,0
TX00541,CUST0776,74.83,Card,None,2,2,0,1
TX00542,CUST0512,1421.65,Card,None,15,3,0,1
TX00543,CUST0400,1047.64,UPI,None,15,1,0,1
TX00544,CUST0654,510.3,Net Banking,None,7,5,0,1
TX00545,CUST0972,8338.42,Card,Network Error,13,8,1,1
TX00546,CUST0883,2859.71,UPI,Network Error,17,9,0,0
TX00547,CUST0471,366.35,Net Banking,None,11,9,0,1
TX00548,CUST0143,2535.73,UPI,None,10,9,0,1
TX00549,CUST0092,3806.62,Net Banking,None,1,1,1,1
TX00550,CUST0354,1251.4,Net Banking,Expired Card,14,2,0,0
TX00551,CUST0834,1574.1,UPI,Insufficient Funds,5,2,3,0
TX00552,CUST0800,1538.17,Card,None,8,2,0,1
TX00553,CUST0727,136.21,UPI,Insufficient Funds,1,0,1,1
TX00554,CUST0959,909.71,UPI,Authentication Failure,7,7,0,1
TX00555,CUST0854,863.58,UPI,None,2,1,0,1
TX00556,CUST0051,4583.21,Card,Network Error,7,0,1,0
TX00557,CUST0665,1531.08,UPI,None,7,3,0,1
TX00558,CUST0698,814.35,UPI,None,9,2,1,1
TX00559,CUST0575,1002.12,Card,None,4,3,1,1
TX00560,CUST0190,3051.49,UPI,None,7,4,0,1
TX00561,CUST0125,911.8,UPI,None,20,17,1,1
TX00562,CUST0150,545.56,UPI,None,18,15,1,1
TX00563,CUST0314,832.39,UPI,Bank Timeout,13,5,1,0
TX00564,CUST0570,2809.32,Card,None,11,9,0,1
TX00565,CUST0342,1801.12,UPI,None,9,0,0,1
TX00566,CUST0305,1146.27,Wallet,Insufficient Funds,14,0,0,0
TX00567,CUST0692,1328.15,Card,None,8,7,2,1
TX00568,CUST0682,626.57,UPI,None,14,3,2,1
TX00569,CUST0838,903.3,UPI,Authentication Failure,17,14,0,0
TX00570,CUST0783,564.93,UPI,Insufficient Funds,14,0,0,0
TX00571,CUST0054,816.66,Card,None,5,0,1,1
TX00572,CUST0444,4214.04,UPI,None,10,9,1,1
TX00573,CUST0613,373.21,UPI,Expired Card,6,6,1,0
TX00574,CUST0993,550.75,Net Banking,None,10,0,0,1
TX00575,CUST0264,312.84,UPI,None,11,0,0,1
TX00576,CUST0053,251.91,UPI,None,6,3,0,1
TX00577,CUST0572,909.8,Net Banking,None,10,0,0,1
TX00578,CUST0620,591.34,Card,Network Error,14,14,1,0
TX00579,CUST0005,6384.89,UPI,Network Error,20,15,0,1
TX00580,CUST0103,826.46,Card,Expired Card,3,2,1,0
TX00581,CUST0196,3981.43,UPI,Network Error,7,5,0,1
TX00582,CUST0774,2887.1,Card,None,2,2,1,1
TX00583,CUST0877,889.84,Card,None,7,2,0,1
TX00584,CUST0992,9046.52,Net Banking,Expired Card,17,11,0,0
TX00585,CUST0884,1434.45,Wallet,None,13,2,0,1
TX00586,CUST0350,4979.12,Net Banking,None,9,1,0,1
TX00587,CUST0047,4431.96,Net Banking,Insufficient Funds,13,13,2,1
TX00588,CUST0867,1660.12,Card,None,15,13,0,1
TX00589,CUST0823,2324.2,UPI,None,13,3,1,1
TX00590,CUST0936,2046.88,Card,Insufficient Funds,17,8,3,0
TX00591,CUST0820,349.23,Card,Expired Card,8,2,1,0
TX00592,CUST0656,1161.29,Net Banking,None,9,9,1,1
TX00593,CUST0269,3210.71,UPI,Insufficient Funds,9,6,0,1
TX00594,CUST0370,5045.17,Net Banking,None,8,3,0,1
TX00595,CUST0636,533.45,Net Banking,None,16,16,1,1
TX00596,CUST0106,1860.93,Wallet,Authentication Failure,20,4,1,0
TX00597,CUST0670,1275.22,Net Banking,Expired Card,7,7,0,0
TX00598,CUST0659,974.7,UPI,None,17,3,2,1
TX00599,CUST0657,1565.57,UPI,None,7,6,0,1
TX00600,CUST0120,1363.76,UPI,None,6,2,3,1
TX00601,CUST0831,1884.48,UPI,None,5,1,0,1
TX00602,CUST0787,4636.51,Card,None,17,13,1,1
TX00603,CUST0604,2402.17,Net Banking,None,8,7,1,1
TX00604,CUST0058,1496.06,Net Banking,None,1,1,1,1
TX00605,CUST0951,7077.14,Card,None,16,13,0,1
TX00606,CUST0346,3327.34,UPI,None,17,10,0,1
TX00607,CUST0741,999.85,UPI,Bank Timeout,3,1,0,0
TX00608,CUST0474,324.69,UPI,None,13,11,2,1
TX00609,CUST0117,408.37,UPI,None,8,2,1,1
TX00610,CUST0830,2788.43,Card,Insufficient Funds,16,2,0,0
TX00611,CUST0791,583.88,UPI,Network Error,7,3,0,1
TX00612,CUST0127,400.19,UPI,None,15,10,1,1
TX00613,CUST0393,513.84,UPI,None,2,0,0,1
TX00614,CUST0908,551.49,Card,Network Error,2,1,3,0
TX00615,CUST0641,2567.4,Card,None,10,1,0,1
TX00616,CUST0058,937.54,Card,Network Error,5,2,0,1
TX00617,CUST0634,278.0,UPI,None,4,3,0,1
TX00618,CUST0513,1131.21,Wallet,None,15,0,1,1
TX00619,CUST0751,1369.59,UPI,None,13,7,0,1
TX00620,CUST0802,679.03,Card,Network Error,17,5,0,0
TX00621,CUST0096,3483.82,Card,Insufficient Funds,1,0,0,0
TX00622,CUST0638,719.86,Card,None,18,16,1,1
TX00623,CUST0118,3322.05,Net Banking,None,15,2,0,1
TX00624,CUST0560,1991.78,UPI,None,14,0,0,1
TX00625,CUST0601,2770.01,Card,None,9,2,0,1
TX00626,CUST0488,365.57,UPI,Insufficient Funds,12,3,2,0
TX00627,CUST0237,1209.92,Card,None,5,5,0,1
TX00628,CUST0885,1040.2,UPI,Authentication Failure,2,2,1,1
TX00629,CUST0897,264.54,UPI,None,7,6,1,1
TX00630,CUST0272,3311.18,Card,Authentication Failure,9,8,1,1
TX00631,CUST0189,484.25,Card,Network Error,18,7,1,1
TX00632,CUST0999,596.11,UPI,None,4,4,0,1
TX00633,CUST0704,398.09,Card,None,2,1,0,1
TX00634,CUST0447,2210.97,Card,None,1,0,0,1
TX00635,CUST0581,238.43,UPI,None,12,0,0,1
TX00636,CUST0790,2034.23,Card,None,13,7,2,1
TX00637,CUST0861,3116.65,Card,None,14,5,2,1
TX00638,CUST0247,1876.53,Card,Authentication Failure,5,1,1,0
TX00639,CUST0963,2236.41,UPI,None,3,3,2,1
TX00640,CUST0076,2343.84,UPI,Bank Timeout,4,3,3,0
TX00641,CUST0154,424.36,Card,Authentication Failure,17,8,1,0
TX00642,CUST0656,4604.25,Net Banking,Insufficient Funds,19,3,0,0
TX00643,CUST0435,692.23,Card,None,11,0,0,1
TX00644,CUST0997,1026.19,UPI,None,8,6,2,1
TX00645,CUST0086,786.32,Card,None,12,9,1,1
TX00646,CUST0697,1792.81,Net Banking,None,18,4,1,1
TX00647,CUST0285,640.32,UPI,None,18,9,0,1
TX00648,CUST0974,1172.53,Wallet,Bank Timeout,9,4,0,1
TX00649,CUST0220,318.83,Net Banking,None,5,3,0,1
TX00650,CUST0069,3514.54,UPI,None,17,5,0,1
TX00651,CUST0047,2144.67,Net Banking,Expired Card,13,0,2,0
TX00652,CUST0094,818.72,UPI,None,6,2,0,1
TX00653,CUST0750,685.98,Net Banking,None,14,10,0,1
TX00654,CUST0958,2089.39,UPI,Network Error,15,11,0,1
TX00655,CUST0453,540.61,UPI,None,14,6,0,1
TX00656,CUST0204,1243.1,Card,None,4,2,0,1
TX00657,CUST0912,3503.08,Card,None,18,11,3,1
TX00658,CUST0218,487.23,UPI,Insufficient Funds,1,0,1,0
TX00659,CUST0474,1585.41,Card,None,12,0,1,1
TX00660,CUST0432,1503.76,UPI,None,9,3,2,1
TX00661,CUST0341,994.92,UPI,None,10,1,3,1
TX00662,CUST0551,662.63,UPI,None,18,1,0,1
TX00663,CUST0612,3695.23,Card,None,17,16,0,1
TX00664,CUST0289,603.31,UPI,None,19,1,0,1
TX00665,CUST0254,179.1,UPI,None,4,3,0,1
TX00666,CUST0734,2080.85,UPI,None,16,10,0,1
TX00667,CUST0357,329.87,UPI,None,7,2,0,1
TX00668,CUST0023,2190.49,Card,None,9,7,0,1
TX00669,CUST0762,4166.8,Wallet,None,8,5,2,1
TX00670,CUST0522,2058.54,UPI,None,7,1,1,1
TX00671,CUST0758,3201.62,Net Banking,None,10,4,0,1
TX00672,CUST0837,8267.18,Card,Network Error,8,1,1,1
TX00673,CUST0100,2883.5,Card,Insufficient Funds,17,14,1,0
TX00674,CUST0802,1526.26,Card,None,12,11,0,1
TX00675,CUST0180,5619.22,Net Banking,None,14,11,1,1
TX00676,CUST0223,6340.9,UPI,None,12,8,0,1
TX00677,CUST0906,6430.27,Card,None,2,2,0,1
TX00678,CUST0762,670.39,Card,None,12,10,0,1
TX00679,CUST0659,283.15,Card,None,14,6,0,1
TX00680,CUST0442,630.69,Net Banking,Network Error,7,0,0,0
TX00681,CUST0608,2216.4,UPI,None,13,11,0,1
TX00682,CUST0769,1285.83,Card,None,4,3,2,1
TX00683,CUST0325,892.05,Card,Bank Timeout,1,0,1,0
TX00684,CUST0516,1920.77,UPI,None,17,5,1,1
TX00685,CUST0016,251.94,UPI,None,3,2,1,1
TX00686,CUST0792,1262.9,Card,Expired Card,17,5,1,0
TX00687,CUST0336,3355.84,Net Banking,Insufficient Funds,8,1,0,0
TX00688,CUST0759,1899.44,Card,Network Error,3,0,2,0
TX00689,CUST0258,2190.34,Net Banking,None,10,8,1,1
TX00690,CUST0497,5417.41,UPI,None,2,2,0,1
TX00691,CUST0988,1026.45,UPI,Authentication Failure,4,4,0,0
TX00692,CUST0896,570.73,UPI,None,14,3,1,1
TX00693,CUST0160,3602.97,UPI,Insufficient Funds,11,5,0,0
TX00694,CUST0475,3537.31,UPI,None,14,0,0,1
TX00695,CUST0852,1916.57,UPI,None,13,8,0,1
TX00696,CUST0664,934.14,Card,Expired Card,4,3,2,0
TX00697,CUST0908,1098.15,Card,None,2,0,0,1
TX00698,CUST0690,305.89,UPI,None,2,2,0,1
TX00699,CUST0675,3337.4,UPI,None,11,10,0,1
TX00700,CUST0380,3221.66,UPI,None,5,4,1,1
TX00701,CUST0545,295.4,Card,None,9,0,2,1
TX00702,CUST0929,2611.37,UPI,None,20,18,0,1
TX00703,CUST0957,1642.71,UPI,None,17,3,0,1
TX00704,CUST0691,394.66,Net Banking,Network Error,12,4,0,0
TX00705,CUST0427,328.32,Net Banking,None,18,16,1,1
TX00706,CUST0613,1593.19,UPI,Expired Card,3,0,1,0
TX00707,CUST0268,736.78,UPI,None,5,2,1,1
TX00708,CUST0835,6767.92,UPI,None,20,2,0,1
TX00709,CUST0577,2842.95,Card,None,14,10,0,1
TX00710,CUST0417,1761.1,Card,Network Error,16,1,0,0
TX00711,CUST0168,1850.26,UPI,Expired Card,19,13,3,0
TX00712,CUST0842,4150.01,Card,Bank Timeout,9,5,1,0
TX00713,CUST0043,2556.82,UPI,None,17,0,1,1
TX00714,CUST0556,1807.62,UPI,None,7,6,2,1
TX00715,CUST0285,411.47,UPI,Bank Timeout,10,1,2,1
TX00716,CUST0397,23434.09,Card,Authentication Failure,4,2,0,0
TX00717,CUST0012,363.88,UPI,Expired Card,10,0,0,0
TX00718,CUST0607,802.28,UPI,None,3,1,2,1
TX00719,CUST0302,209.61,UPI,Expired Card,9,8,3,0
TX00720,CUST0898,1879.57,UPI,None,13,4,0,1
TX00721,CUST0253,1275.52,Card,None,1,0,2,1
TX00722,CUST0499,2357.31,UPI,None,15,9,0,1
TX00723,CUST0754,192.66,UPI,None,15,10,0,1
TX00724,CUST0035,3337.26,Card,Network Error,11,5,0,1
TX00725,CUST0727,489.1,Card,Insufficient Funds,10,9,1,0
TX00726,CUST0849,944.82,Net Banking,Network Error,7,2,1,1
TX00727,CUST0090,2783.8,Card,None,1,0,1,1
TX00728,CUST0776,1424.06,UPI,None,7,6,0,1
TX00729,CUST0605,1528.35,Card,Network Error,5,3,0,1
TX00730,CUST0922,2438.6,Card,None,16,14,2,1
TX00731,CUST0970,1683.77,UPI,Insufficient Funds,8,4,0,0
TX00732,CUST0602,779.69,Net Banking,None,2,1,1,1
TX00733,CUST0418,928.46,UPI,None,8,3,1,1
TX00734,CUST0115,1355.44,Wallet,None,14,5,1,1
TX00735,CUST0617,447.84,Net Banking,Insufficient Funds,4,2,3,0
TX00736,CUST0903,2969.08,Card,None,15,9,0,1
TX00737,CUST0196,1463.6,Net Banking,None,7,3,1,1
TX00738,CUST0826,1181.78,Card,Network Error,20,0,0,0
TX00739,CUST0501,3613.73,UPI,None,8,5,0,1
TX00740,CUST0626,972.52,UPI,Insufficient Funds,11,0,0,0
TX00741,CUST0493,913.77,UPI,None,2,1,0,1
TX00742,CUST0075,675.44,UPI,None,9,2,2,1
TX00743,CUST0413,1545.44,Card,Insufficient Funds,6,3,1,0
TX00744,CUST0376,1492.86,UPI,None,1,1,0,1
TX00745,CUST0420,563.25,UPI,None,3,2,0,1
TX00746,CUST0729,918.1,Card,None,10,7,0,1
TX00747,CUST0277,567.02,Net Banking,None,5,1,1,1
TX00748,CUST0761,541.93,UPI,None,12,9,1,1
TX00749,CUST0676,194.44,UPI,None,1,1,0,1
TX00750,CUST0394,870.52,UPI,Insufficient Funds,9,9,0,1
TX00751,CUST0869,199.89,Card,Network Error,13,6,0,1
TX00752,CUST0457,690.34,UPI,None,19,3,0,1
TX00753,CUST0920,594.25,Card,None,7,0,1,1
TX00754,CUST0192,3139.74,UPI,None,16,10,0,1
TX00755,CUST0739,397.45,UPI,None,8,2,0,1
TX00756,CUST0689,512.25,Net Banking,None,19,4,0,1
TX00757,CUST0099,748.8,UPI,None,7,5,0,1
TX00758,CUST0548,613.91,UPI,None,4,1,0,1
TX00759,CUST0978,4312.42,UPI,None,10,7,1,1
TX00760,CUST0999,351.23,Card,None,1,1,1,1
TX00761,CUST0096,750.39,Card,Network Error,17,1,1,1
TX00762,CUST0664,1528.54,UPI,Network Error,13,7,0,0
TX00763,CUST0663,2647.0,UPI,None,19,13,0,1
TX00764,CUST0190,749.76,UPI,Bank Timeout,13,8,0,1
TX00765,CUST0736,161.08,Card,None,9,9,0,1
TX00766,CUST0037,943.78,Card,Insufficient Funds,5,4,0,1
TX00767,CUST0780,4238.77,Card,None,1,0,0,1
TX00768,CUST0369,1454.17,Card,Bank Timeout,2,0,0,0
TX00769,CUST0695,1389.11,UPI,None,11,1,0,1
TX00770,CUST0525,378.79,UPI,None,4,3,1,1
TX00771,CUST0279,341.84,UPI,None,9,2,0,1
TX00772,CUST0217,1116.6,UPI,None,5,0,0,1
TX00773,CUST0867,263.39,UPI,None,5,3,0,1
TX00774,CUST0873,2395.54,Card,None,8,1,1,1
TX00775,CUST0798,470.29,Card,Bank Timeout,2,1,1,0
TX00776,CUST0273,1069.92,Net Banking,None,7,4,0,1
TX00777,CUST0881,166.37,UPI,None,17,0,1,1
TX00778,CUST0062,739.67,Card,None,11,7,0,1
TX00779,CUST0596,335.0,Net Banking,Expired Card,15,9,1,0
TX00780,CUST0880,107.56,Card,Insufficient Funds,3,3,1,0
TX00781,CUST0729,1885.3,UPI,Bank Timeout,13,1,1,1
TX00782,CUST0342,5659.89,UPI,None,18,2,1,1
TX00783,CUST0397,3393.01,UPI,None,20,2,0,1
TX00784,CUST0699,2168.28,UPI,None,20,3,0,1
TX00785,CUST0019,724.79,Card,None,3,2,0,1
TX00786,CUST0177,2455.02,UPI,None,2,0,3,1
TX00787,CUST0612,3728.84,UPI,None,5,0,0,1
TX00788,CUST0396,1257.43,Card,None,20,2,0,1
TX00789,CUST0445,335.51,Card,None,5,0,0,1
TX00790,CUST0233,665.55,Card,None,13,10,0,1
TX00791,CUST0915,6019.12,Card,Insufficient Funds,8,0,1,0
TX00792,CUST0076,1017.65,UPI,None,16,9,0,1
TX00793,CUST0265,39.46,UPI,Bank Timeout,18,6,0,1
TX00794,CUST0455,252.42,UPI,None,16,6,0,1
TX00795,CUST0796,717.34,Card,None,1,0,1,1
TX00796,CUST0718,3089.69,Net Banking,None,8,6,0,1
TX00797,CUST0735,834.54,UPI,Network Error,2,0,0,0
TX00798,CUST0384,3147.71,Card,None,5,2,1,1
TX00799,CUST0564,647.97,UPI,Insufficient Funds,15,9,0,0
TX00800,CUST0851,153.81,Card,None,14,4,0,1
TX00801,CUST0506,670.78,UPI,None,3,0,1,1
TX00802,CUST0367,1548.35,UPI,Network Error,7,4,0,0
TX00803,CUST0144,1425.03,Net Banking,None,4,1,0,1
TX00804,CUST0885,312.59,Card,Bank Timeout,11,6,0,1
TX00805,CUST0069,771.86,Card,None,12,10,0,1
TX00806,CUST0099,16069.43,UPI,None,15,9,0,1
TX00807,CUST0396,319.49,UPI,Network Error,6,1,1,0
TX00808,CUST0025,2123.29,UPI,Authentication Failure,1,0,2,0
TX00809,CUST0948,134.74,Net Banking,None,18,10,0,1
TX00810,CUST0891,2601.37,Wallet,Bank Timeout,14,11,0,1
TX00811,CUST0469,449.29,UPI,None,7,5,0,1
TX00812,CUST0484,1639.4,UPI,Bank Timeout,10,7,1,0
TX00813,CUST0565,301.41,Net Banking,None,9,0,0,1
TX00814,CUST0151,1466.82,UPI,None,2,1,0,1
TX00815,CUST0144,442.02,Card,None,8,0,1,1
TX00816,CUST0569,536.44,UPI,None,1,0,0,1
TX00817,CUST0039,1706.14,Card,None,20,15,0,1
TX00818,CUST0109,713.09,Card,None,2,0,0,1
TX00819,CUST0693,1604.2,Net Banking,None,7,3,1,1
TX00820,CUST0042,906.11,Card,Expired Card,16,9,0,0
TX00821,CUST0186,1173.2,UPI,None,4,4,0,1
TX00822,CUST0935,1711.43,Card,None,17,8,0,1
TX00823,CUST0398,772.77,Net Banking,None,4,0,2,1
TX00824,CUST0223,405.03,UPI,Authentication Failure,3,3,0,1
TX00825,CUST0634,643.99,UPI,None,9,2,0,1
TX00826,CUST0133,3623.3,UPI,None,15,10,1,1
TX00827,CUST0163,1231.73,Card,None,20,6,0,1
TX00828,CUST0215,471.11,UPI,None,3,1,0,1
TX00829,CUST0733,1638.54,Card,None,12,12,0,1
TX00830,CUST0235,1751.65,UPI,None,15,6,0,1
TX00831,CUST0843,1844.57,Net Banking,None,20,17,0,1
TX00832,CUST0658,412.47,UPI,None,8,7,1,1
TX00833,CUST0751,554.25,UPI,None,12,4,0,1
TX00834,CUST0588,557.34,Card,None,13,9,3,1
TX00835,CUST0009,764.6,Card,None,15,8,1,1
TX00836,CUST0074,1879.8,UPI,Authentication Failure,11,7,3,0
TX00837,CUST0954,1474.66,UPI,Insufficient Funds,17,2,0,0
TX00838,CUST0492,1595.94,UPI,None,12,10,0,1
TX00839,CUST0913,4247.22,Card,None,20,8,1,1
TX00840,CUST0253,2183.95,Card,None,18,1,1,1
TX00841,CUST0230,951.65,Card,None,16,7,2,1
TX00842,CUST0519,335.67,Card,None,3,1,0,1
TX00843,CUST0174,536.71,Card,None,9,7,0,1
TX00844,CUST0653,844.12,UPI,Authentication Failure,7,4,2,0
TX00845,CUST0168,2512.74,Wallet,Insufficient Funds,19,5,2,0
TX00846,CUST0170,1067.07,Net Banking,None,5,5,0,1
TX00847,CUST0393,568.96,UPI,None,19,9,1,1
TX00848,CUST0946,526.95,UPI,Authentication Failure,10,3,1,0
TX00849,CUST0795,1022.93,UPI,Authentication Failure,20,2,0,0
TX00850,CUST0634,2670.41,UPI,Expired Card,12,7,2,0
TX00851,CUST0194,5383.1,Card,None,8,8,0,1
TX00852,CUST0517,892.68,Card,None,3,2,1,1
TX00853,CUST0029,1048.65,Card,None,19,15,2,1
TX00854,CUST0165,325.73,Card,None,11,7,0,1
TX00855,CUST0422,7625.04,Card,None,8,8,2,1
TX00856,CUST0339,270.16,Card,None,13,0,1,1
TX00857,CUST0648,3539.22,UPI,Insufficient Funds,10,4,1,0
TX00858,CUST0496,761.02,UPI,Insufficient Funds,18,11,0,0
TX00859,CUST0365,602.23,Card,None,12,6,0,1
TX00860,CUST0833,361.4,UPI,Insufficient Funds,7,7,1,0
TX00861,CUST0342,12210.46,UPI,None,11,10,0,1
TX00862,CUST0500,1368.53,Net Banking,Bank Timeout,10,1,0,1
TX00863,CUST0657,1120.22,Card,None,3,3,0,1
TX00864,CUST0511,2661.73,UPI,None,7,2,0,1
TX00865,CUST0327,572.02,Card,None,4,3,1,1
TX00866,CUST0217,1098.66,Card,None,8,6,1,1
TX00867,CUST0301,1160.19,UPI,None,8,4,1,1
TX00868,CUST0132,657.11,UPI,None,6,0,1,1
TX00869,CUST0804,3639.63,Net Banking,Expired Card,13,12,1,0
TX00870,CUST0070,881.25,UPI,None,12,1,0,1
TX00871,CUST0252,232.03,UPI,None,3,3,1,1
TX00872,CUST0415,811.19,Card,None,6,4,0,1
TX00873,CUST0787,1406.95,Card,None,19,0,0,1
TX00874,CUST0445,448.77,UPI,None,11,11,0,1
TX00875,CUST0876,485.61,UPI,Network Error,4,2,0,0
TX00876,CUST0182,635.07,UPI,None,15,5,0,1
TX00877,CUST0167,3719.1,Wallet,None,2,1,0,1
TX00878,CUST0091,673.74,UPI,Network Error,15,6,0,0
TX00879,CUST0714,4578.46,Card,None,17,9,0,1
TX00880,CUST0858,592.91,Net Banking,None,2,1,0,1
TX00881,CUST0531,1517.8,UPI,Insufficient Funds,7,5,0,0
TX00882,CUST0039,701.88,Wallet,None,16,15,0,1
TX00883,CUST0126,2331.07,Net Banking,None,5,0,0,1
TX00884,CUST0451,358.43,Net Banking,Authentication Failure,16,12,2,1
TX00885,CUST0173,2305.05,UPI,None,19,6,1,1
TX00886,CUST0653,1228.89,Card,None,2,2,2,1
TX00887,CUST0754,578.25,Card,Expired Card,15,2,1,0
TX00888,CUST0220,928.69,Wallet,None,4,4,1,1
TX00889,CUST0638,5084.01,UPI,None,2,2,0,1
TX00890,CUST0058,1258.71,Card,Insufficient Funds,10,0,0,0
TX00891,CUST0660,543.09,UPI,Insufficient Funds,5,3,0,0
TX00892,CUST0476,328.75,UPI,None,18,13,0,1
TX00893,CUST0456,1817.84,UPI,None,4,4,1,1
TX00894,CUST0829,1333.88,Card,Bank Timeout,1,1,2,1
TX00895,CUST0895,2197.38,Card,Network Error,18,16,1,1
TX00896,CUST0361,254.11,Card,None,20,10,0,1
TX00897,CUST0935,339.59,Wallet,None,6,5,3,1
TX00898,CUST0001,3452.59,UPI,None,20,3,3,1
TX00899,CUST0387,1527.43,Card,Insufficient Funds,20,12,0,0
TX00900,CUST0973,1869.45,UPI,Insufficient Funds,14,3,2,0
TX00901,CUST0348,418.77,UPI,Authentication Failure,10,1,0,0
TX00902,CUST0190,411.17,Card,Insufficient Funds,18,16,0,1
TX00903,CUST0505,2955.01,Net Banking,None,9,2,0,1
TX00904,CUST0191,3097.58,Card,None,12,9,1,1
TX00905,CUST0508,369.33,Card,Network Error,10,4,0,0
TX00906,CUST0369,305.1,UPI,Network Error,19,11,0,1
TX00907,CUST0409,983.78,UPI,None,6,0,0,1
TX00908,CUST0824,493.07,Card,None,14,13,0,1
TX00909,CUST0929,482.91,UPI,Authentication Failure,8,6,0,0
TX00910,CUST0934,313.76,UPI,None,14,3,0,1
TX00911,CUST0117,686.47,Card,None,11,7,0,1
TX00912,CUST0134,345.61,UPI,None,16,16,0,1
TX00913,CUST0058,366.72,UPI,None,20,5,0,1
TX00914,CUST0556,1477.92,Card,None,6,1,1,1
TX00915,CUST0685,1037.74,Card,Bank Timeout,15,4,3,0
TX00916,CUST0672,1780.91,Net Banking,None,15,13,0,1
TX00917,CUST0173,210.81,Card,None,14,1,0,1
TX00918,CUST0829,1107.52,UPI,None,12,0,2,1
TX00919,CUST0815,8739.76,Net Banking,Network Error,2,0,0,1
TX00920,CUST0149,755.76,Card,Expired Card,8,5,1,0
TX00921,CUST0080,2501.76,UPI,Bank Timeout,19,10,0,1
TX00922,CUST0886,2479.98,UPI,Authentication Failure,14,1,0,0
TX00923,CUST0213,2605.03,Card,None,5,0,1,1
TX00924,CUST0203,1295.51,Card,None,9,8,1,1
TX00925,CUST0764,1931.57,Card,None,13,0,0,1
TX00926,CUST0229,2206.17,Card,None,9,4,0,1
TX00927,CUST0676,2070.29,Card,Bank Timeout,14,7,1,0
TX00928,CUST0227,358.73,Wallet,None,5,3,0,1
TX00929,CUST0659,198.86,Card,Expired Card,2,2,1,0
TX00930,CUST0532,231.93,UPI,None,7,4,0,1
TX00931,CUST0441,837.01,Net Banking,None,16,4,0,1
TX00932,CUST0402,1986.1,UPI,None,11,7,0,1
TX00933,CUST0047,363.43,Card,None,11,5,1,1
TX00934,CUST0233,2762.72,Wallet,None,12,1,0,1
TX00935,CUST0305,663.63,Card,None,13,10,0,1
TX00936,CUST0526,669.98,Card,None,8,0,0,1
TX00937,CUST0143,475.27,Card,None,16,2,3,1
TX00938,CUST0415,166.54,UPI,None,1,1,3,1
TX00939,CUST0513,1379.28,UPI,None,13,3,1,1
TX00940,CUST0373,6079.44,Card,None,11,2,3,1
TX00941,CUST0566,1030.02,Card,None,4,0,0,1
TX00942,CUST0886,172.32,Card,None,4,4,3,1
TX00943,CUST0259,2393.1,UPI,None,15,3,0,1
TX00944,CUST0656,215.98,Card,None,3,3,0,1
TX00945,CUST0471,327.33,Card,None,19,9,0,1
TX00946,CUST0953,864.08,Card,None,2,0,3,1
TX00947,CUST0971,1239.97,Card,None,6,3,1,1
TX00948,CUST0012,399.95,Card,None,8,5,0,1
TX00949,CUST0330,831.04,Card,Bank Timeout,17,16,3,0
TX00950,CUST0736,2242.09,UPI,None,5,4,1,1
TX00951,CUST0784,2571.33,Net Banking,None,2,1,1,1
TX00952,CUST0968,3833.2,UPI,Bank Timeout,12,3,0,1
TX00953,CUST0358,7401.36,Wallet,None,5,0,2,1
TX00954,CUST0972,2464.86,UPI,Network Error,10,5,3,0
TX00955,CUST0408,882.95,UPI,None,9,5,3,1
TX00956,CUST0668,2589.74,Net Banking,None,20,10,0,1
TX00957,CUST0373,1748.85,UPI,Network Error,8,8,0,1
TX00958,CUST0008,1819.59,Card,None,1,1,0,1
TX00959,CUST0122,1309.26,Net Banking,None,6,3,0,1
TX00960,CUST0348,440.52,Net Banking,None,11,2,0,1
TX00961,CUST0676,392.25,Wallet,None,3,2,1,1
TX00962,CUST0090,995.14,UPI,None,15,11,1,1
TX00963,CUST0648,1272.72,Card,None,11,6,2,1
TX00964,CUST0698,555.88,UPI,Bank Timeout,5,0,0,1
TX00965,CUST0316,1674.62,UPI,Bank Timeout,16,14,0,1
TX00966,CUST0178,8784.69,Net Banking,None,7,7,0,1
TX00967,CUST0540,191.65,UPI,Expired Card,6,5,0,1
TX00968,CUST0732,1963.03,Card,None,9,8,0,1
TX00969,CUST0869,1026.62,Card,None,7,6,0,1
TX00970,CUST0041,1720.99,Card,Bank Timeout,3,3,3,1
TX00971,CUST0740,712.86,Wallet,Network Error,11,3,0,0
TX00972,CUST0704,947.61,UPI,Network Error,12,2,0,1
TX00973,CUST0923,1248.25,Card,None,11,10,1,1
TX00974,CUST0502,811.08,Net Banking,None,2,0,1,1
TX00975,CUST0959,239.72,Card,Insufficient Funds,1,0,0,0
TX00976,CUST0145,867.91,UPI,None,2,2,2,1
TX00977,CUST0201,266.02,Card,None,14,11,1,1
TX00978,CUST0929,2107.36,UPI,None,13,1,2,1
TX00979,CUST0724,169.77,UPI,Insufficient Funds,5,1,0,0
TX00980,CUST0461,3067.61,Net Banking,None,2,2,0,1
TX00981,CUST0732,1685.07,Card,None,19,8,1,1
TX00982,CUST0752,1691.53,Net Banking,None,17,11,0,1
TX00983,CUST0925,125.93,Net Banking,None,11,7,1,1
TX00984,CUST0909,789.5,Card,Network Error,16,8,1,0
TX00985,CUST0558,3475.74,UPI,None,20,18,0,1
TX00986,CUST0547,652.88,UPI,None,18,11,0,1
TX00987,CUST0253,373.13,UPI,None,20,15,2,1
TX00988,CUST0390,580.18,Net Banking,None,8,6,2,1
TX00989,CUST0594,1024.26,UPI,None,2,0,1,1
TX00990,CUST0883,468.08,UPI,None,17,0,1,1
TX00991,CUST0256,3766.18,Card,None,11,9,2,1
TX00992,CUST0709,1027.96,UPI,None,14,8,1,1
TX00993,CUST0815,629.19,UPI,Network Error,16,9,0,1
TX00994,CUST0921,298.47,Card,Network Error,15,13,0,1
TX00995,CUST0450,1780.14,UPI,None,15,3,0,1
TX00996,CUST0010,1740.05,UPI,None,3,0,0,1
TX00997,CUST0824,496.6,UPI,Authentication Failure,7,6,0,1
TX00998,CUST0798,117.18,Card,None,12,10,3,1
TX00999,CUST0242,1653.69,Card,None,3,3,1,1
TX01000,CUST0251,909.77,UPI,Bank Timeout,19,10,2,0
TX01001,CUST0877,1534.67,Card,None,10,10,1,1
TX01002,CUST0005,7763.39,UPI,None,8,5,0,1
TX01003,CUST0119,1067.6,Net Banking,None,16,5,0,1
TX01004,CUST0801,656.0,UPI,None,16,14,3,1
TX01005,CUST0374,348.17,Card,Insufficient Funds,12,1,0,0
TX01006,CUST0065,802.38,Net Banking,None,5,4,1,1
TX01007,CUST0146,1287.65,Net Banking,None,20,2,0,1
TX01008,CUST0224,1156.68,UPI,Authentication Failure,6,2,0,1
TX01009,CUST0239,6145.44,UPI,Authentication Failure,6,3,0,0
TX01010,CUST0177,1806.39,Card,None,8,4,0,1
TX01011,CUST0779,958.34,UPI,None,17,10,2,1
TX01012,CUST0853,541.01,Net Banking,None,12,4,1,1
TX01013,CUST0282,1431.78,Card,Bank Timeout,14,11,1,0
TX01014,CUST0063,442.74,Card,None,2,1,2,1
TX01015,CUST0217,1312.69,UPI,None,19,2,1,1
TX01016,CUST0854,1785.43,Card,None,6,0,2,1
TX01017,CUST0827,883.2,Card,None,18,2,0,1
TX01018,CUST0795,583.89,Net Banking,None,4,1,2,1
TX01019,CUST0689,123.31,UPI,None,5,5,1,1
TX01020,CUST0461,3442.1,UPI,None,6,5,0,1
TX01021,CUST0929,1641.39,UPI,None,15,0,0,1
TX01022,CUST0610,1681.8,UPI,None,6,0,0,1
TX01023,CUST0105,230.13,Card,None,8,8,0,1
TX01024,CUST0099,4358.31,Net Banking,Network Error,9,7,1,1
TX01025,CUST0511,688.68,UPI,Bank Timeout,6,5,1,1
TX01026,CUST0385,821.56,Net Banking,None,2,2,3,1
TX01027,CUST0405,376.42,UPI,None,16,12,0,1
TX01028,CUST0823,183.65,UPI,None,20,7,1,1
TX01029,CUST0518,3488.92,UPI,None,1,0,0,1
TX01030,CUST0476,3970.3,UPI,None,16,12,1,1
TX01031,CUST0977,929.34,Net Banking,None,1,1,1,1
TX01032,CUST0709,555.92,UPI,Network Error,1,0,1,0
TX01033,CUST0863,752.17,Card,None,7,5,0,1
TX01034,CUST0645,773.08,Card,None,16,0,1,1
TX01035,CUST0870,330.35,Net Banking,None,17,6,0,1
TX01036,CUST0771,818.72,UPI,Bank Timeout,16,0,1,0
TX01037,CUST0437,1278.06,UPI,None,16,14,1,1
TX01038,CUST0023,3035.58,UPI,Network Error,6,4,0,1
TX01039,CUST0997,1112.37,UPI,None,18,5,0,1
TX01040,CUST0565,226.7,UPI,Network Error,3,0,0,1
TX01041,CUST0677,1561.73,Net Banking,Insufficient Funds,8,2,0,0
TX01042,CUST0714,849.01,Card,Authentication Failure,4,3,1,0
TX01043,CUST0458,4317.4,Card,None,4,3,0,1
TX01044,CUST0083,4580.02,Card,None,17,5,1,1
TX01045,CUST0145,4743.14,UPI,None,5,3,0,1
TX01046,CUST0085,625.41,UPI,Authentication Failure,14,14,0,1
TX01047,CUST0078,8021.29,Wallet,None,15,0,1,1
TX01048,CUST0457,1557.66,Net Banking,None,12,4,1,1
TX01049,CUST0878,5576.86,Net Banking,None,13,7,1,1
TX01050,CUST0001,663.4,Net Banking,None,18,5,0,1
TX01051,CUST0051,813.55,UPI,None,14,9,0,1
TX01052,CUST0685,1442.35,UPI,None,19,8,0,1
TX01053,CUST0717,1276.5,UPI,None,7,3,0,1
TX01054,CUST0772,3846.09,UPI,None,6,1,1,1
TX01055,CUST0446,869.46,UPI,Authentication Failure,5,0,0,0
TX01056,CUST0449,3514.37,Card,Network Error,4,2,3,0
TX01057,CUST0881,2280.69,Card,Bank Timeout,18,0,1,1
TX01058,CUST0488,885.9,Net Banking,None,14,8,1,1
TX01059,CUST0800,2110.49,Card,Network Error,16,4,3,0
TX01060,CUST0034,683.16,Net Banking,None,20,2,0,1
TX01061,CUST0348,11501.19,UPI,None,14,3,0,1
TX01062,CUST0095,76.38,UPI,None,5,4,1,1
TX01063,CUST0072,2149.4,Card,None,11,8,0,1
TX01064,CUST0551,187.8,UPI,None,12,6,3,1
TX01065,CUST0154,875.1,UPI,Expired Card,18,18,3,0
TX01066,CUST0250,1006.66,UPI,None,4,2,2,1
TX01067,CUST0674,4952.43,UPI,None,13,13,2,1
TX01068,CUST0438,548.86,Card,None,20,7,1,1
TX01069,CUST0118,4056.24,UPI,None,13,13,1,1
TX01070,CUST0771,337.37,Card,None,4,4,0,1
TX01071,CUST0891,4216.12,Card,None,7,0,1,1
TX01072,CUST0306,682.43,UPI,Bank Timeout,2,2,0,1
TX01073,CUST0268,1180.19,UPI,None,18,4,1,1
TX01074,CUST0961,783.38,UPI,None,6,2,3,1
TX01075,CUST0054,3953.53,UPI,Network Error,16,16,0,0
TX01076,CUST0236,3254.32,Card,Insufficient Funds,3,2,0,0
TX01077,CUST0389,1708.72,Card,Bank Timeout,15,0,0,0
TX01078,CUST0990,346.59,Card,None,20,12,1,1
TX01079,CUST0734,536.45,UPI,None,10,5,1,1
TX01080,CUST0763,392.06,Card,None,9,5,1,1
TX01081,CUST0825,115.8,Card,Network Error,11,6,1,0
TX01082,CUST0401,3871.19,Card,Insufficient Funds,14,11,0,0
TX01083,CUST0624,790.11,Card,None,12,10,1,1
TX01084,CUST0767,781.73,Card,None,7,0,1,1
TX01085,CUST0303,4895.65,Card,Network Error,11,10,0,1
TX01086,CUST0919,681.31,Card,None,17,2,0,1
TX01087,CUST0207,473.21,UPI,None,9,8,2,1
TX01088,CUST0229,875.9,Card,None,13,1,3,1
TX01089,CUST0853,353.3,UPI,None,16,13,1,1
TX01090,CUST0910,1547.44,UPI,Expired Card,3,0,2,0
TX01091,CUST0578,754.71,Wallet,None,5,2,0,1
TX01092,CUST0075,660.32,Wallet,None,17,11,3,1
TX01093,CUST0435,605.53,UPI,None,1,1,0,1
TX01094,CUST0103,986.12,UPI,None,9,4,0,1
TX01095,CUST0422,1192.11,UPI,None,17,6,0,1
TX01096,CUST0704,651.99,Card,None,13,0,1,1
TX01097,CUST0764,766.04,Net Banking,None,15,2,0,1
TX01098,CUST0738,1010.78,Wallet,None,8,5,0,1
TX01099,CUST0806,913.77,Card,Network Error,8,6,0,1
TX01100,CUST0306,1131.25,UPI,None,2,1,0,1
TX01101,CUST0098,557.43,Card,None,10,2,0,1
TX01102,CUST0850,2994.68,UPI,Expired Card,5,3,1,0
TX01103,CUST0798,1208.13,Net Banking,None,16,4,0,1
TX01104,CUST0335,662.59,Net Banking,Network Error,19,10,0,0
TX01105,CUST0859,1547.48,Card,None,1,0,0,1
TX01106,CUST0435,1018.04,UPI,Bank Timeout,13,12,0,0
TX01107,CUST0447,193.67,UPI,Network Error,4,3,0,1
TX01108,CUST0994,1542.18,UPI,None,7,0,1,1
TX01109,CUST0308,395.64,Net Banking,Insufficient Funds,1,0,0,0
TX01110,CUST0249,2791.76,Card,Authentication Failure,2,0,0,0
TX01111,CUST0166,861.13,UPI,None,16,10,1,1
TX01112,CUST0481,2392.44,Card,None,14,0,0,1
TX01113,CUST0984,583.93,Net Banking,None,5,4,0,1
TX01114,CUST0335,1176.06,UPI,Network Error,14,5,0,0
TX01115,CUST0542,3678.44,Net Banking,None,17,15,0,1
TX01116,CUST0759,837.97,Net Banking,None,12,3,0,1
TX01117,CUST0106,607.4,Net Banking,None,20,18,0,1
TX01118,CUST0563,2111.26,UPI,None,12,1,0,1
TX01119,CUST0081,2070.74,UPI,None,3,2,0,1
TX01120,CUST0133,633.49,UPI,None,2,0,1,1
TX01121,CUST0797,150.59,UPI,Network Error,15,1,2,0
TX01122,CUST0900,595.84,UPI,None,11,5,1,1
TX01123,CUST0138,2158.91,Card,None,10,10,1,1
TX01124,CUST0184,505.21,Card,None,18,7,0,1
TX01125,CUST0401,1084.7,Net Banking,None,2,2,0,1
TX01126,CUST0330,568.22,UPI,None,7,7,0,1
TX01127,CUST0785,158.83,Card,None,7,2,0,1
TX01128,CUST0508,558.09,Card,None,7,2,1,1
TX01129,CUST0852,2149.8,Card,None,14,0,1,1
TX01130,CUST0984,102.49,Net Banking,None,2,0,0,1
TX01131,CUST0069,1411.16,Card,None,2,0,0,1
TX01132,CUST0546,334.93,Net Banking,Expired Card,15,8,0,0
TX01133,CUST0774,2015.14,UPI,None,11,4,0,1
TX01134,CUST0053,2240.2,Card,Insufficient Funds,10,6,0,0
TX01135,CUST0450,923.39,UPI,Insufficient Funds,3,0,0,0
TX01136,CUST0205,925.5,UPI,None,17,0,0,1
TX01137,CUST0126,489.62,UPI,Network Error,9,3,1,0
TX01138,CUST0747,285.55,UPI,None,15,6,0,1
TX01139,CUST0043,5991.48,UPI,None,14,10,0,1
TX01140,CUST0752,461.71,UPI,None,19,14,1,1
TX01141,CUST0971,5259.53,UPI,Bank Timeout,17,11,3,0
TX01142,CUST0883,464.29,Net Banking,None,20,16,2,1
TX01143,CUST0111,1854.17,UPI,Network Error,17,11,0,1
TX01144,CUST0761,351.49,Card,None,16,15,0,1
TX01145,CUST0663,1850.84,UPI,Insufficient Funds,20,12,0,1
TX01146,CUST0183,791.88,Net Banking,None,8,5,0,1
TX01147,CUST0848,802.3,Net Banking,None,7,2,0,1
TX01148,CUST0095,2018.32,Card,None,12,9,0,1
TX01149,CUST0971,685.99,Card,None,1,0,1,1
TX01150,CUST0374,262.92,UPI,None,12,4,0,1
TX01151,CUST0912,2347.97,Wallet,Authentication Failure,6,2,0,1
TX01152,CUST0520,348.66,Net Banking,None,16,1,1,1
TX01153,CUST0900,1838.15,Net Banking,Authentication Failure,18,0,1,0
TX01154,CUST0360,2901.54,Card,None,19,14,1,1
TX01155,CUST0900,753.33,UPI,Bank Timeout,3,1,0,1
TX01156,CUST0696,3577.26,Net Banking,None,3,3,0,1
TX01157,CUST0281,1775.4,UPI,None,5,4,0,1
TX01158,CUST0195,546.83,Card,Insufficient Funds,3,3,1,0
TX01159,CUST0864,4453.43,UPI,None,19,5,0,1
TX01160,CUST0195,350.14,Net Banking,None,5,3,0,1
TX01161,CUST0667,752.42,UPI,None,14,4,0,1
TX01162,CUST0093,892.2,UPI,None,16,15,2,1
TX01163,CUST0672,2008.66,Card,None,1,1,0,1
TX01164,CUST0946,3345.71,Card,Network Error,17,3,0,1
TX01165,CUST0061,3142.56,Card,None,11,7,0,1
TX01166,CUST0634,1371.62,UPI,None,9,6,3,1
TX01167,CUST0051,828.59,UPI,None,4,3,1,1
TX01168,CUST0403,176.62,Card,None,2,1,0,1
TX01169,CUST0789,294.67,Wallet,None,9,4,0,1
TX01170,CUST0005,6416.68,Net Banking,Insufficient Funds,5,3,0,0
TX01171,CUST0466,174.85,Card,Network Error,4,1,0,1
TX01172,CUST0604,500.45,Net Banking,None,5,4,0,1
TX01173,CUST0682,3444.75,UPI,Insufficient Funds,18,18,1,1
TX01174,CUST0829,1352.5,Card,None,13,12,0,1
TX01175,CUST0534,2774.0,Card,Network Error,5,0,1,0
TX01176,CUST0405,1887.16,UPI,None,19,10,1,1
TX01177,CUST0838,4767.52,Card,None,3,0,1,1
TX01178,CUST0513,1473.55,Card,None,18,12,0,1
TX01179,CUST0645,2129.09,UPI,None,6,1,0,1
TX01180,CUST0233,531.53,UPI,None,6,1,0,1
TX01181,CUST0524,1971.07,UPI,None,5,4,0,1
TX01182,CUST0346,737.95,Card,None,1,0,3,1
TX01183,CUST0046,697.08,UPI,None,8,3,1,1
TX01184,CUST0546,2683.09,UPI,None,1,1,0,1
TX01185,CUST0945,2701.66,Card,None,6,3,0,1
TX01186,CUST0078,5933.93,Card,None,20,4,2,1
TX01187,CUST0730,5559.5,Card,None,14,7,0,1
TX01188,CUST0813,2744.39,Card,None,11,4,0,1
TX01189,CUST0923,196.28,Net Banking,Authentication Failure,2,0,0,0
TX01190,CUST0073,6820.45,Net Banking,Authentication Failure,4,1,1,0
TX01191,CUST0794,2746.18,Net Banking,None,13,2,2,1
TX01192,CUST0249,509.86,Card,None,7,2,2,1
TX01193,CUST0047,2273.12,UPI,None,6,1,0,1
TX01194,CUST0121,388.67,Wallet,Authentication Failure,3,1,1,0
TX01195,CUST0214,2035.77,UPI,None,9,8,0,1
TX01196,CUST0239,294.04,UPI,None,14,9,0,1
TX01197,CUST0056,488.72,UPI,None,20,0,0,1
TX01198,CUST0350,2230.38,UPI,None,11,5,3,1
TX01199,CUST0107,3206.34,Wallet,None,5,0,0,1
TX01200,CUST0831,1518.44,Card,None,14,3,0,1
TX01201,CUST0048,823.72,Card,None,19,2,0,1
TX01202,CUST0573,132.31,Card,None,8,5,3,1
TX01203,CUST0337,889.78,Card,None,7,5,1,1
TX01204,CUST0026,1869.61,UPI,None,7,4,1,1
TX01205,CUST0804,798.9,Card,None,3,1,0,1
TX01206,CUST0257,1072.15,Card,Bank Timeout,3,2,1,1
TX01207,CUST0008,910.85,UPI,None,18,4,1,1
TX01208,CUST0625,794.96,Card,None,13,0,2,1
TX01209,CUST0867,1183.08,UPI,None,1,0,0,1
TX01210,CUST0253,834.89,UPI,None,5,0,0,1
TX01211,CUST0692,4643.81,UPI,None,4,0,1,1
TX01212,CUST0719,120.73,UPI,None,16,2,1,1
TX01213,CUST0303,635.34,Net Banking,None,15,4,0,1
TX01214,CUST0639,459.32,Net Banking,None,18,2,0,1
TX01215,CUST0056,1365.27,UPI,None,17,12,3,1
TX01216,CUST0726,1184.58,Card,None,14,14,0,1
TX01217,CUST0526,5553.55,Card,None,14,0,0,1
TX01218,CUST0474,7716.7,UPI,None,19,14,0,1
TX01219,CUST0028,506.19,UPI,None,6,4,0,1
TX01220,CUST0983,1097.18,Wallet,None,13,5,1,1
TX01221,CUST0078,1334.49,Card,None,18,13,0,1
TX01222,CUST0216,493.83,Wallet,None,15,10,0,1
TX01223,CUST0386,2055.72,UPI,None,7,7,0,1
TX01224,CUST0365,863.07,Card,Insufficient Funds,19,13,2,0
TX01225,CUST0666,377.05,UPI,Insufficient Funds,17,6,2,0
TX01226,CUST0526,829.18,UPI,None,9,2,1,1
TX01227,CUST0699,404.37,Card,None,11,6,1,1
TX01228,CUST0312,3092.23,UPI,None,5,3,0,1
TX01229,CUST0883,7343.41,UPI,None,2,1,2,1
TX01230,CUST0007,1400.83,UPI,Network Error,15,10,1,0
TX01231,CUST0003,1225.71,UPI,Network Error,12,5,1,0
TX01232,CUST0623,1277.21,Card,Insufficient Funds,10,4,0,0
TX01233,CUST0919,3576.84,Card,None,10,3,0,1
TX01234,CUST0750,3500.63,UPI,None,20,12,1,1
TX01235,CUST0363,976.86,UPI,Bank Timeout,11,11,0,1
TX01236,CUST0751,1411.76,UPI,None,10,2,0,1
TX01237,CUST0508,2106.21,Card,Insufficient Funds,7,2,1,0
TX01238,CUST0274,351.54,UPI,None,14,4,0,1
TX01239,CUST0506,3687.15,Card,None,13,10,1,1
TX01240,CUST0806,6215.69,UPI,None,5,4,0,1
TX01241,CUST0739,3515.83,UPI,None,19,19,1,1
TX01242,CUST0883,315.58,Net Banking,None,10,4,0,1
TX01243,CUST0015,152.93,Card,None,8,8,2,1
TX01244,CUST0192,2227.69,UPI,None,18,3,0,1
TX01245,CUST0985,512.76,Net Banking,None,1,0,1,1
TX01246,CUST0631,1461.38,Card,None,5,2,0,1
TX01247,CUST0485,5090.59,Net Banking,None,11,6,0,1
TX01248,CUST0028,568.52,Card,Insufficient Funds,20,6,0,0
TX01249,CUST0714,751.78,Card,None,11,7,2,1
TX01250,CUST0039,1446.24,Wallet,None,16,13,0,1
TX01251,CUST0953,299.61,UPI,Expired Card,10,8,0,0
TX01252,CUST0273,513.96,Card,Authentication Failure,15,9,0,0
TX01253,CUST0231,1124.23,Card,None,7,6,0,1
TX01254,CUST0086,812.04,UPI,Network Error,15,2,2,0
TX01255,CUST0474,2015.07,UPI,None,16,8,0,1
TX01256,CUST0126,17430.55,UPI,None,6,4,1,1
TX01257,CUST0812,1210.92,Card,None,11,4,0,1
TX01258,CUST0537,472.62,Card,None,17,3,0,1
TX01259,CUST0145,4528.93,Card,Bank Timeout,15,0,0,0
TX01260,CUST0525,223.9,UPI,Network Error,16,5,0,0
TX01261,CUST0212,273.44,Card,Expired Card,2,2,0,1
TX01262,CUST0025,604.8,Net Banking,Network Error,4,1,0,1
TX01263,CUST0580,826.43,UPI,None,19,12,1,1
TX01264,CUST0394,590.47,Card,None,6,6,0,1
TX01265,CUST0067,1062.61,Card,Expired Card,18,2,0,0
TX01266,CUST0233,1443.38,Card,Network Error,11,5,0,1
TX01267,CUST0109,3193.78,Card,Network Error,9,7,0,1
TX01268,CUST0146,1201.33,Net Banking,Authentication Failure,3,3,0,1
TX01269,CUST0111,625.19,UPI,None,2,2,0,1
TX01270,CUST0228,3024.94,Net Banking,Network Error,18,11,2,0
TX01271,CUST0111,484.1,UPI,Insufficient Funds,15,4,2,0
TX01272,CUST0470,214.3,UPI,Authentication Failure,18,16,1,1
TX01273,CUST0034,3662.7,UPI,None,19,9,0,1
TX01274,CUST0623,3435.28,Card,None,15,6,0,1
TX01275,CUST0776,496.56,UPI,None,17,3,3,1
TX01276,CUST0936,735.76,UPI,None,18,9,1,1
TX01277,CUST0369,438.37,UPI,None,18,6,0,1
TX01278,CUST0748,1520.24,Net Banking,None,11,6,0,1
TX01279,CUST0595,6198.42,Net Banking,None,18,10,0,1
TX01280,CUST0554,2214.72,Card,None,3,0,1,1
TX01281,CUST0425,3089.38,Card,None,13,7,2,1
TX01282,CUST0613,2489.23,Card,None,14,7,0,1
TX01283,CUST0518,1096.5,UPI,None,4,4,0,1
TX01284,CUST0692,3240.04,Net Banking,None,18,4,0,1
TX01285,CUST0282,2310.06,UPI,None,5,5,0,1
TX01286,CUST0320,4625.99,UPI,None,14,3,0,1
TX01287,CUST0738,692.6,UPI,None,12,1,1,1
TX01288,CUST0443,192.85,Card,None,7,7,0,1
TX01289,CUST0952,3118.95,Card,Bank Timeout,12,2,1,0
TX01290,CUST0315,1555.84,Card,None,8,1,0,1
TX01291,CUST0877,815.62,UPI,None,3,3,1,1
TX01292,CUST0966,862.51,Card,Network Error,1,1,1,1
TX01293,CUST0741,14110.67,UPI,None,3,2,0,1
TX01294,CUST0377,576.98,UPI,Authentication Failure,11,9,1,0
TX01295,CUST0289,467.17,UPI,Network Error,18,5,0,0
TX01296,CUST0437,1194.26,Card,None,7,7,0,1
TX01297,CUST0662,3570.61,UPI,None,9,5,0,1
TX01298,CUST0277,10704.31,Card,None,4,1,0,1
TX01299,CUST0710,2116.17,Card,None,10,9,1,1
TX01300,CUST0582,307.84,Card,None,18,13,0,1
TX01301,CUST0503,7870.4,Card,None,16,5,1,1
TX01302,CUST0624,1075.49,UPI,Network Error,12,8,2,0
TX01303,CUST0516,474.51,UPI,None,19,18,0,1
TX01304,CUST0350,372.64,Card,None,3,2,0,1
TX01305,CUST0843,2530.9,Card,None,8,7,0,1
TX01306,CUST0446,1392.46,Net Banking,None,19,4,0,1
TX01307,CUST0830,1548.55,Net Banking,None,9,5,0,1
TX01308,CUST0350,3969.93,UPI,None,19,18,1,1
TX01309,CUST0607,491.69,UPI,None,17,10,0,1
TX01310,CUST0664,4299.07,Card,Expired Card,13,10,1,0
TX01311,CUST0823,652.52,UPI,None,2,0,0,1
TX01312,CUST0137,9547.24,UPI,None,4,3,0,1
TX01313,CUST0759,1995.68,Net Banking,None,11,0,0,1
TX01314,CUST0899,436.92,UPI,None,2,1,0,1
TX01315,CUST0243,144.69,Net Banking,None,4,1,0,1
TX01316,CUST0543,2462.48,Card,Bank Timeout,4,2,1,0
TX01317,CUST0040,754.32,Card,Authentication Failure,20,19,1,0
TX01318,CUST0229,938.64,UPI,None,1,0,0,1
TX01319,CUST0548,2359.48,UPI,None,11,8,1,1
TX01320,CUST0920,3012.16,Card,None,2,0,0,1
TX01321,CUST0223,3728.31,UPI,None,19,18,0,1
TX01322,CUST0006,338.71,UPI,None,8,2,1,1
TX01323,CUST0322,4563.73,UPI,None,20,12,2,1
TX01324,CUST0468,614.59,UPI,None,4,4,1,1
TX01325,CUST0732,114.86,UPI,None,16,15,0,1
TX01326,CUST0075,337.5,Card,Bank Timeout,15,5,3,0
TX01327,CUST0004,1363.79,UPI,Network Error,5,4,1,1
TX01328,CUST0847,412.07,UPI,None,5,2,0,1
TX01329,CUST0646,1004.21,Card,None,15,3,3,1
TX01330,CUST0118,1538.02,Wallet,Insufficient Funds,17,6,1,0
TX01331,CUST0881,914.72,UPI,None,3,2,1,1
TX01332,CUST0606,668.91,UPI,Insufficient Funds,18,8,1,1
TX01333,CUST0504,313.97,Card,None,11,7,0,1
TX01334,CUST0998,1120.96,Net Banking,None,6,4,1,1
TX01335,CUST0947,139.08,Card,None,12,1,0,1
TX01336,CUST0574,552.25,Card,Insufficient Funds,17,13,3,0
TX01337,CUST0441,433.64,UPI,None,14,3,0,1
TX01338,CUST0194,863.18,Card,None,6,3,1,1
TX01339,CUST0847,885.96,UPI,None,10,4,0,1
TX01340,CUST0715,2863.95,Card,Insufficient Funds,16,2,1,0
TX01341,CUST0392,5342.65,Card,Authentication Failure,18,9,0,0
TX01342,CUST0026,358.6,Wallet,Expired Card,20,10,0,0
TX01343,CUST0435,8045.21,UPI,Authentication Failure,6,0,1,0
TX01344,CUST0173,503.06,UPI,None,19,7,0,1
TX01345,CUST0300,1303.13,Card,None,3,0,0,1
TX01346,CUST0645,1827.79,Card,None,12,7,0,1
TX01347,CUST0326,12639.51,Card,None,16,1,0,1
TX01348,CUST0410,637.6,UPI,Bank Timeout,3,3,0,1
TX01349,CUST0118,181.86,UPI,Insufficient Funds,16,15,0,1
TX01350,CUST0836,4867.71,Card,None,4,0,0,1
TX01351,CUST0787,476.58,UPI,None,20,8,1,1
TX01352,CUST0724,763.88,Net Banking,Authentication Failure,13,4,2,0
TX01353,CUST0225,358.62,Card,None,4,4,1,1
TX01354,CUST0532,766.09,Card,None,4,1,0,1
TX01355,CUST0113,473.24,Card,None,7,2,1,1
TX01356,CUST0140,2156.93,Card,None,12,5,0,1
TX01357,CUST0559,1188.91,UPI,None,2,2,1,1
TX01358,CUST0001,554.99,Net Banking,None,16,9,0,1
TX01359,CUST0090,2968.68,UPI,None,7,5,0,1
TX01360,CUST0654,1415.16,Card,Expired Card,19,11,1,1
TX01361,CUST0320,173.11,UPI,None,11,8,0,1
TX01362,CUST0550,2750.95,Card,None,1,0,2,1
TX01363,CUST0805,1319.31,UPI,Authentication Failure,9,2,1,0
TX01364,CUST0894,4406.04,UPI,None,5,3,0,1
TX01365,CUST0139,1241.3,Wallet,None,17,12,1,1
TX01366,CUST0511,496.85,UPI,Bank Timeout,1,0,0,0
TX01367,CUST0868,894.0,Card,None,17,12,0,1
TX01368,CUST0845,2450.19,Wallet,Bank Timeout,12,0,0,0
TX01369,CUST0259,507.38,UPI,None,13,1,0,1
TX01370,CUST0673,706.06,Card,None,11,3,0,1
TX01371,CUST0902,878.58,UPI,None,13,6,0,1
TX01372,CUST0690,347.45,UPI,None,13,8,0,1
TX01373,CUST0010,514.75,UPI,Network Error,6,6,0,1
TX01374,CUST0261,1303.16,Net Banking,None,6,4,1,1
TX01375,CUST0919,3649.98,UPI,Authentication Failure,20,7,0,0
TX01376,CUST0650,1505.9,Card,Bank Timeout,10,6,0,1
TX01377,CUST0172,1047.48,Card,None,19,4,0,1
TX01378,CUST0898,477.58,Net Banking,Bank Timeout,3,0,0,1
TX01379,CUST0013,3278.56,UPI,None,7,2,3,1
TX01380,CUST0168,1691.73,Card,None,5,2,1,1
TX01381,CUST0642,540.92,Card,Bank Timeout,8,5,1,0
TX01382,CUST0596,2693.64,Card,None,5,1,0,1
TX01383,CUST0321,1919.03,Net Banking,None,12,10,1,1
TX01384,CUST0319,486.13,Net Banking,None,4,3,3,1
TX01385,CUST0613,990.91,UPI,None,19,2,0,1
TX01386,CUST0329,669.97,Card,None,18,3,0,1
TX01387,CUST0785,15268.36,UPI,None,3,2,0,1
TX01388,CUST0777,1866.36,UPI,None,7,4,3,1
TX01389,CUST0971,1321.82,Card,None,8,5,0,1
TX01390,CUST0911,1759.29,UPI,None,15,12,1,1
TX01391,CUST0920,4355.36,UPI,None,17,2,0,1
TX01392,CUST0550,1008.9,Wallet,None,19,15,2,1
TX01393,CUST0419,607.95,UPI,Network Error,4,0,0,1
TX01394,CUST0606,2551.11,Net Banking,None,16,13,2,1
TX01395,CUST0095,920.63,Card,None,13,13,2,1
TX01396,CUST0817,376.19,Card,None,12,11,0,1
TX01397,CUST0581,309.61,Net Banking,None,4,2,1,1
TX01398,CUST0318,5060.88,UPI,None,12,2,1,1
TX01399,CUST0956,1250.93,UPI,Expired Card,17,6,0,0
TX01400,CUST0236,608.16,UPI,Authentication Failure,9,2,0,0
TX01401,CUST0946,867.54,UPI,Insufficient Funds,12,7,0,0
TX01402,CUST0334,2458.84,Net Banking,Authentication Failure,15,2,0,0
TX01403,CUST0885,817.78,Net Banking,None,20,20,3,1
TX01404,CUST0376,257.39,UPI,None,2,0,0,1
TX01405,CUST0459,1519.05,UPI,Network Error,9,4,1,1
TX01406,CUST0137,3671.47,UPI,None,14,5,0,1
TX01407,CUST0930,3433.94,UPI,Insufficient Funds,4,1,0,0
TX01408,CUST0588,626.83,Card,Network Error,4,1,0,1
TX01409,CUST0995,3901.72,UPI,Expired Card,6,5,0,0
TX01410,CUST0547,1356.89,Card,None,5,0,0,1
TX01411,CUST0513,3793.89,UPI,Bank Timeout,17,14,1,1
TX01412,CUST0296,1946.3,UPI,None,13,9,0,1
TX01413,CUST0320,239.46,Card,None,20,16,1,1
TX01414,CUST0918,6290.14,Card,None,17,17,0,1
TX01415,CUST0572,1154.92,Wallet,Bank Timeout,19,17,2,1
TX01416,CUST0832,1952.36,Net Banking,Insufficient Funds,1,0,1,0
TX01417,CUST0349,285.99,UPI,None,17,14,0,1
TX01418,CUST0840,1817.7,UPI,None,3,1,0,1
TX01419,CUST0779,3304.13,Net Banking,None,14,6,0,1
TX01420,CUST0873,7595.57,Net Banking,Expired Card,12,5,0,0
TX01421,CUST0229,4448.85,Net Banking,None,15,8,0,1
TX01422,CUST0270,1908.79,UPI,None,6,2,2,1
TX01423,CUST0828,234.07,Wallet,None,20,14,0,1
TX01424,CUST0798,1251.72,UPI,None,2,2,1,1
TX01425,CUST0291,606.37,Card,None,4,2,0,1
TX01426,CUST0725,1387.11,Net Banking,None,13,2,0,1
TX01427,CUST0165,324.95,UPI,Authentication Failure,13,0,1,0
TX01428,CUST0005,888.77,Net Banking,Insufficient Funds,17,16,0,0
TX01429,CUST0851,653.81,UPI,None,6,2,2,1
TX01430,CUST0379,633.86,Wallet,Expired Card,11,1,0,0
TX01431,CUST0078,640.19,UPI,None,19,10,2,1
TX01432,CUST0410,957.33,Wallet,None,16,6,1,1
TX01433,CUST0574,1460.0,UPI,None,8,0,1,1
TX01434,CUST0132,90.15,Card,None,1,1,2,1
TX01435,CUST0601,101.86,Card,Bank Timeout,10,3,0,1
TX01436,CUST0749,781.57,Card,None,2,0,0,1
TX01437,CUST0042,899.85,UPI,None,19,7,0,1
TX01438,CUST0089,1324.93,Card,Network Error,14,14,0,0
TX01439,CUST0402,529.71,UPI,None,3,2,0,1
TX01440,CUST0296,1107.06,Card,Bank Timeout,9,7,2,0
TX01441,CUST0840,1244.54,UPI,Network Error,8,2,0,0
TX01442,CUST0295,526.07,Wallet,None,11,4,2,1
TX01443,CUST0616,3021.34,UPI,Insufficient Funds,15,14,2,0
TX01444,CUST0526,1308.96,UPI,None,6,3,1,1
TX01445,CUST0800,1894.98,UPI,None,2,2,2,1
TX01446,CUST0691,1174.79,UPI,None,1,1,1,1
TX01447,CUST0637,8988.25,UPI,None,3,3,0,1
TX01448,CUST0422,1991.01,Card,Expired Card,18,9,1,0
TX01449,CUST0865,673.18,Net Banking,None,14,9,1,1
TX01450,CUST0023,2492.31,Card,None,17,0,0,1
TX01451,CUST0575,213.24,Card,Authentication Failure,2,0,0,0
TX01452,CUST0143,1235.96,UPI,None,19,6,0,1
TX01453,CUST0993,1508.94,Card,None,9,3,0,1
TX01454,CUST0665,1250.15,UPI,None,8,2,3,1
TX01455,CUST0145,785.42,Card,Bank Timeout,10,4,0,1
TX01456,CUST0225,398.51,UPI,None,9,1,0,1
TX01457,CUST0503,498.03,UPI,None,8,7,0,1
TX01458,CUST0962,1214.48,UPI,None,7,3,0,1
TX01459,CUST0974,360.14,Net Banking,None,6,3,0,1
TX01460,CUST0821,6439.25,UPI,Network Error,2,0,0,1
TX01461,CUST0616,78.19,Card,None,9,4,3,1
TX01462,CUST0104,793.59,UPI,None,9,2,0,1
TX01463,CUST0947,1224.62,Card,None,19,15,1,1
TX01464,CUST0039,1821.51,Net Banking,Network Error,9,9,0,1
TX01465,CUST0947,438.81,UPI,Bank Timeout,2,2,2,0
TX01466,CUST0198,3409.41,Card,None,19,16,0,1
TX01467,CUST0646,272.1,Net Banking,None,16,9,1,1
TX01468,CUST0579,622.58,Card,None,14,2,1,1
TX01469,CUST0391,2040.09,Card,None,20,1,1,1
TX01470,CUST0179,3103.2,Card,None,1,0,0,1
TX01471,CUST0968,269.35,Card,None,13,13,0,1
TX01472,CUST0554,15444.94,UPI,None,2,0,0,1
TX01473,CUST0448,446.98,Net Banking,Authentication Failure,14,10,0,0
TX01474,CUST0500,295.25,UPI,None,1,0,0,1
TX01475,CUST0015,1812.96,UPI,Network Error,15,3,1,1
TX01476,CUST0623,774.1,Card,None,18,14,0,1
TX01477,CUST0669,667.77,UPI,Authentication Failure,9,6,0,0
TX01478,CUST0289,1989.51,UPI,None,8,2,3,1
TX01479,CUST0478,238.1,Card,None,7,0,2,1
TX01480,CUST0231,199.91,Net Banking,Insufficient Funds,9,3,3,0
TX01481,CUST0923,603.4,Net Banking,None,9,4,0,1
TX01482,CUST0420,3222.46,Wallet,None,11,7,0,1
TX01483,CUST0157,630.14,Net Banking,None,4,3,2,1
TX01484,CUST0550,5427.08,UPI,Insufficient Funds,7,6,0,0
TX01485,CUST0441,3644.65,UPI,None,7,5,0,1
TX01486,CUST0097,1455.27,Net Banking,Insufficient Funds,4,2,0,0
TX01487,CUST0997,1540.29,UPI,None,12,7,1,1
TX01488,CUST0411,1453.9,Card,None,17,16,0,1
TX01489,CUST0951,1286.55,Card,None,20,7,1,1
TX01490,CUST0289,760.33,UPI,None,3,1,0,1
TX01491,CUST0254,853.9,Net Banking,None,9,9,0,1
TX01492,CUST0196,376.17,Card,None,5,5,0,1
TX01493,CUST0598,120.3,Card,None,20,20,0,1
TX01494,CUST0834,3307.91,Wallet,None,16,8,3,1
TX01495,CUST0522,1283.39,Card,None,8,5,3,1
TX01496,CUST0517,1103.47,UPI,Insufficient Funds,16,14,0,0
TX01497,CUST0635,1633.45,Card,Network Error,19,0,2,1
TX01498,CUST0842,478.95,Net Banking,Bank Timeout,16,11,1,1
TX01499,CUST0865,403.0,Card,None,18,5,0,1
TX01500,CUST0118,825.77,Card,Insufficient Funds,15,0,1,0
TX01501,CUST0806,4307.44,Card,None,18,18,2,1
TX01502,CUST0909,340.79,UPI,None,14,5,0,1
TX01503,CUST0159,79.28,Net Banking,Insufficient Funds,16,12,0,0
TX01504,CUST0815,651.06,Net Banking,Authentication Failure,5,5,0,1
TX01505,CUST0228,3438.19,UPI,None,8,0,0,1
TX01506,CUST0877,193.92,UPI,None,16,12,0,1
TX01507,CUST0216,336.88,Wallet,None,1,0,1,1
TX01508,CUST0948,1427.31,Net Banking,None,11,7,1,1
TX01509,CUST0696,14327.08,Net Banking,Insufficient Funds,11,1,0,0
TX01510,CUST0015,281.97,Net Banking,None,2,1,0,1
TX01511,CUST0157,271.26,Card,Bank Timeout,19,1,1,0
TX01512,CUST0648,1538.71,Card,None,5,2,0,1
TX01513,CUST0261,3658.01,Card,Bank Timeout,3,0,1,0
TX01514,CUST0157,587.51,UPI,Authentication Failure,8,1,3,0
TX01515,CUST0047,216.72,Card,None,4,4,3,1
TX01516,CUST0324,1692.14,Card,None,13,10,1,1
TX01517,CUST0844,2028.07,Card,Bank Timeout,14,14,0,1
TX01518,CUST0685,6494.14,Card,None,1,1,0,1
TX01519,CUST0130,2115.29,Card,None,5,5,1,1
TX01520,CUST0411,2510.07,UPI,None,7,6,3,1
TX01521,CUST0095,843.75,UPI,None,6,4,0,1
TX01522,CUST0627,12600.66,UPI,Insufficient Funds,15,0,0,0
TX01523,CUST0755,736.46,UPI,None,15,15,1,1
TX01524,CUST0932,594.71,Wallet,Authentication Failure,8,6,0,0
TX01525,CUST0292,6697.67,UPI,None,2,1,0,1
TX01526,CUST0794,251.08,UPI,Network Error,14,6,2,1
TX01527,CUST0811,172.88,Card,None,16,1,0,1
TX01528,CUST0283,1235.9,Card,None,10,4,0,1
TX01529,CUST0069,1094.73,UPI,None,15,13,0,1
TX01530,CUST0660,873.15,Card,Network Error,4,4,1,1
TX01531,CUST0011,2962.92,Card,None,12,11,0,1
TX01532,CUST0254,442.21,UPI,Insufficient Funds,10,6,0,0
TX01533,CUST0842,1169.31,UPI,None,2,1,1,1
TX01534,CUST0872,765.01,Net Banking,None,4,4,0,1
TX01535,CUST0550,449.79,Net Banking,Network Error,20,11,0,1
TX01536,CUST0134,1030.87,Card,None,6,0,0,1
TX01537,CUST0712,2572.4,UPI,None,14,0,0,1
TX01538,CUST0023,9141.39,UPI,None,3,2,1,1
TX01539,CUST0815,1957.49,Card,None,15,2,1,1
TX01540,CUST0346,89.05,UPI,None,1,1,1,1
TX01541,CUST0302,1055.6,UPI,None,19,2,1,1
TX01542,CUST0363,1152.63,Card,None,1,1,0,1
TX01543,CUST0396,2796.74,UPI,Network Error,13,2,2,0
TX01544,CUST0218,1319.24,Card,Authentication Failure,8,7,2,0
TX01545,CUST0141,3839.47,Net Banking,None,18,13,0,1
TX01546,CUST0616,1622.41,UPI,None,3,2,0,1
TX01547,CUST0958,5212.41,Net Banking,None,18,8,0,1
TX01548,CUST0210,707.16,UPI,Insufficient Funds,20,4,0,0
TX01549,CUST0985,1266.92,Net Banking,None,9,0,0,1
TX01550,CUST0993,2506.5,UPI,None,6,2,1,1
TX01551,CUST0623,618.81,UPI,Expired Card,20,9,1,0
TX01552,CUST0616,497.69,Card,None,2,2,1,1
TX01553,CUST0828,584.44,Card,Network Error,4,2,0,0
TX01554,CUST0683,518.42,Net Banking,None,18,7,0,1
TX01555,CUST0460,1849.3,UPI,None,7,1,1,1
TX01556,CUST0356,175.07,UPI,Bank Timeout,11,5,2,0
TX01557,CUST0324,231.37,Card,None,5,0,0,1
TX01558,CUST0133,7063.86,Card,Network Error,8,5,1,0
TX01559,CUST0888,531.08,UPI,None,11,3,0,1
TX01560,CUST0805,1339.45,Card,Insufficient Funds,20,20,1,0
TX01561,CUST0840,247.36,Card,None,20,14,3,1
TX01562,CUST0127,1204.87,Net Banking,None,15,9,1,1
TX01563,CUST0106,534.32,Wallet,None,3,2,2,1
TX01564,CUST0604,229.73,UPI,None,7,4,0,1
TX01565,CUST0799,4175.21,Card,None,8,5,1,1
TX01566,CUST0378,3578.02,UPI,None,11,0,0,1
TX01567,CUST0905,985.0,Card,None,10,8,0,1
TX01568,CUST0051,2979.23,Card,None,20,8,0,1
TX01569,CUST0029,7356.16,Wallet,None,9,9,0,1
TX01570,CUST0462,2331.05,Card,None,15,4,0,1
TX01571,CUST0296,1771.67,Wallet,None,20,10,1,1
TX01572,CUST0297,1338.02,Net Banking,Expired Card,5,5,2,0
TX01573,CUST0726,2099.59,Net Banking,None,15,5,1,1
TX01574,CUST0779,762.1,Net Banking,None,4,0,0,1
TX01575,CUST0407,831.61,Card,None,5,4,2,1
TX01576,CUST0769,1721.4,UPI,Insufficient Funds,15,4,0,0
TX01577,CUST0814,682.75,UPI,None,17,3,1,1
TX01578,CUST0613,760.67,UPI,None,8,3,2,1
TX01579,CUST0405,1096.84,Card,None,19,15,3,1
TX01580,CUST0346,3465.48,Card,None,9,7,0,1
TX01581,CUST0622,353.31,Card,Bank Timeout,10,1,1,0
TX01582,CUST0420,2342.98,Wallet,None,5,1,0,1
TX01583,CUST0182,2420.66,Net Banking,None,10,7,0,1
TX01584,CUST0983,2406.22,UPI,Bank Timeout,1,1,0,1
TX01585,CUST0825,489.44,UPI,None,4,0,0,1
TX01586,CUST0001,201.81,UPI,Insufficient Funds,5,1,0,0
TX01587,CUST0831,1919.27,UPI,None,7,4,1,1
TX01588,CUST0950,1322.84,Card,Network Error,5,0,0,0
TX01589,CUST0567,2994.03,Card,Bank Timeout,20,7,1,1
TX01590,CUST0371,544.28,Card,None,8,5,1,1
TX01591,CUST0936,2345.18,Net Banking,Network Error,17,3,2,0
TX01592,CUST0911,3147.65,Net Banking,None,1,1,0,1
TX01593,CUST0661,996.94,UPI,None,18,2,2,1
TX01594,CUST0431,1663.92,Card,None,12,9,2,1
TX01595,CUST0969,1606.75,UPI,None,3,3,1,1
TX01596,CUST0309,482.28,UPI,Network Error,20,20,1,1
TX01597,CUST0137,1865.15,UPI,None,14,12,0,1
TX01598,CUST0202,5555.25,Card,Authentication Failure,16,10,3,0
TX01599,CUST0436,1121.26,UPI,None,18,7,1,1
TX01600,CUST0313,254.44,UPI,None,10,8,0,1
TX01601,CUST0117,551.57,Card,None,15,13,0,1
TX01602,CUST0666,185.04,Card,None,10,0,1,1
TX01603,CUST0937,3984.87,UPI,Network Error,1,1,0,1
TX01604,CUST0803,2354.55,UPI,Network Error,19,19,1,1
TX01605,CUST0575,664.23,Net Banking,Bank Timeout,2,0,0,0
TX01606,CUST0244,265.59,UPI,Insufficient Funds,13,10,0,0
TX01607,CUST0537,476.61,Net Banking,None,16,5,1,1
TX01608,CUST0602,579.24,Card,None,8,4,2,1
TX01609,CUST0075,1223.42,UPI,None,3,0,1,1
TX01610,CUST0806,1182.94,UPI,None,19,11,1,1
TX01611,CUST0386,4194.09,UPI,None,14,5,2,1
TX01612,CUST0903,548.53,UPI,None,11,2,0,1
TX01613,CUST0210,242.7,UPI,None,12,4,1,1
TX01614,CUST0475,344.82,Card,None,11,2,0,1
TX01615,CUST0418,1071.67,UPI,Bank Timeout,11,8,1,1
TX01616,CUST0347,529.18,Card,None,18,17,0,1
TX01617,CUST0529,818.92,Card,None,10,5,2,1
TX01618,CUST0640,696.43,UPI,None,16,8,0,1
TX01619,CUST0939,2952.0,UPI,Insufficient Funds,8,6,0,0
TX01620,CUST0955,609.74,UPI,Expired Card,6,4,0,0
TX01621,CUST0876,751.94,UPI,None,19,17,0,1
TX01622,CUST0763,2246.85,Card,None,13,1,0,1
TX01623,CUST0179,623.29,UPI,Authentication Failure,15,3,0,0
TX01624,CUST0182,1674.4,Card,None,13,9,2,1
TX01625,CUST0664,1527.65,UPI,Insufficient Funds,1,1,0,0
TX01626,CUST0025,1263.66,Card,Network Error,2,1,0,1
TX01627,CUST0967,352.69,Card,None,13,11,1,1
TX01628,CUST0180,3750.99,Card,None,2,0,0,1
TX01629,CUST0710,10103.97,UPI,None,11,7,2,1
TX01630,CUST0501,1106.36,UPI,None,13,9,0,1
TX01631,CUST0856,385.15,Card,Network Error,10,6,1,0
TX01632,CUST0161,1129.02,UPI,Insufficient Funds,15,6,0,0
TX01633,CUST0177,2950.88,UPI,Network Error,1,0,0,1
TX01634,CUST0285,592.77,Card,None,14,6,1,1
TX01635,CUST0063,964.01,Card,None,10,7,0,1
TX01636,CUST0662,1541.72,Card,None,18,0,3,1
TX01637,CUST0666,3652.06,Card,None,11,0,0,1
TX01638,CUST0156,2381.35,Card,None,7,3,1,1
TX01639,CUST0882,2482.12,Card,None,15,10,3,1
TX01640,CUST0469,716.04,Card,None,3,3,0,1
TX01641,CUST0049,1639.13,Card,Expired Card,2,1,1,0
TX01642,CUST0967,532.74,Net Banking,None,8,3,0,1
TX01643,CUST0849,2554.28,UPI,Insufficient Funds,8,1,1,0
TX01644,CUST0084,3467.61,UPI,None,11,6,1,1
TX01645,CUST0361,1907.15,Card,None,16,2,0,1
TX01646,CUST0689,759.45,Card,Bank Timeout,2,0,0,0
TX01647,CUST0148,894.51,UPI,Network Error,5,1,1,0
TX01648,CUST0630,6677.62,Net Banking,None,7,3,2,1
TX01649,CUST0342,772.24,UPI,None,20,0,2,1
TX01650,CUST0476,3133.78,Card,None,13,2,1,1
TX01651,CUST0063,1539.01,Card,None,2,1,0,1
TX01652,CUST0701,785.14,Wallet,Authentication Failure,3,1,2,0
TX01653,CUST0360,285.82,UPI,None,9,0,2,1
TX01654,CUST0561,1355.06,Card,None,10,7,0,1
TX01655,CUST0327,1201.23,UPI,Insufficient Funds,13,1,0,0
TX01656,CUST0769,6677.74,UPI,None,13,4,2,1
TX01657,CUST0736,463.96,UPI,None,5,5,2,1
TX01658,CUST0141,10880.95,Card,None,7,7,0,1
TX01659,CUST0990,1601.68,Card,None,17,7,3,1
TX01660,CUST0215,1600.11,UPI,None,15,3,0,1
TX01661,CUST0435,606.03,Card,None,5,3,3,1
TX01662,CUST0891,1502.23,Card,None,7,0,0,1
TX01663,CUST0952,1759.97,Card,Network Error,2,0,0,0
TX01664,CUST0723,2799.87,Net Banking,Network Error,18,18,0,1
TX01665,CUST0318,412.27,UPI,None,10,0,2,1
TX01666,CUST0032,4477.32,Wallet,None,1,0,0,1
TX01667,CUST0670,1574.06,Net Banking,None,14,4,1,1
TX01668,CUST0285,2014.71,UPI,None,19,3,0,1
TX01669,CUST0305,879.24,UPI,Bank Timeout,16,9,1,1
TX01670,CUST0429,433.49,UPI,None,19,7,0,1
TX01671,CUST0477,1179.36,UPI,None,6,2,0,1
TX01672,CUST0286,1322.52,Card,None,12,11,0,1
TX01673,CUST0144,274.4,Card,None,3,1,0,1
TX01674,CUST0424,2424.27,Card,None,7,0,1,1
TX01675,CUST0019,2970.62,Card,Bank Timeout,3,3,0,1
TX01676,CUST0018,528.65,UPI,Authentication Failure,17,2,0,0
TX01677,CUST0769,394.42,Net Banking,Insufficient Funds,15,3,0,0
TX01678,CUST0590,810.0,UPI,Authentication Failure,19,5,0,0
TX01679,CUST0371,1123.15,Wallet,Insufficient Funds,19,8,0,1
TX01680,CUST0175,842.04,UPI,None,11,9,0,1
TX01681,CUST0194,1031.82,Wallet,None,20,1,1,1
TX01682,CUST0502,1368.51,UPI,Bank Timeout,2,1,0,0
TX01683,CUST0988,279.14,UPI,None,7,1,0,1
TX01684,CUST0113,313.16,UPI,None,19,2,0,1
TX01685,CUST0114,72.08,Card,None,7,2,0,1
TX01686,CUST0222,2814.51,Net Banking,None,10,1,1,1
TX01687,CUST0678,1113.46,UPI,None,12,10,2,1
TX01688,CUST0947,3127.07,Net Banking,None,18,5,0,1
TX01689,CUST0831,351.52,Card,None,6,0,0,1
TX01690,CUST0644,1123.73,Card,Insufficient Funds,20,14,0,0
TX01691,CUST0897,1359.44,Net Banking,None,8,3,2,1
TX01692,CUST0264,625.29,UPI,Insufficient Funds,5,5,1,0
TX01693,CUST0925,231.96,UPI,None,3,1,2,1
TX01694,CUST0055,6284.69,Net Banking,None,2,0,0,1
TX01695,CUST0871,4443.88,Net Banking,None,6,3,1,1
TX01696,CUST0643,748.5,Wallet,None,7,5,1,1
TX01697,CUST0800,1826.63,Net Banking,None,8,4,0,1
TX01698,CUST0778,675.34,UPI,Bank Timeout,4,2,0,0
TX01699,CUST0458,405.29,Net Banking,Network Error,12,12,0,0
TX01700,CUST0979,6817.59,UPI,Authentication Failure,12,2,1,0
TX01701,CUST0878,209.48,Wallet,None,17,1,2,1
TX01702,CUST0162,824.27,Card,None,19,16,0,1
TX01703,CUST0380,1193.12,Card,None,9,4,0,1
TX01704,CUST0993,5717.21,Card,None,12,10,2,1
TX01705,CUST0087,2688.1,UPI,None,17,0,0,1
TX01706,CUST0055,205.97,UPI,None,10,2,0,1
TX01707,CUST0476,1093.62,Net Banking,None,19,7,0,1
TX01708,CUST0800,1119.97,Net Banking,None,11,10,0,1
TX01709,CUST0178,872.76,UPI,None,20,7,2,1
TX01710,CUST0391,2038.17,Card,None,13,8,0,1
TX01711,CUST0349,267.97,Card,None,4,0,1,1
TX01712,CUST0008,728.77,UPI,Network Error,15,3,0,1
TX01713,CUST0833,1770.15,UPI,None,12,5,0,1
TX01714,CUST0313,2163.7,Net Banking,None,10,6,2,1
TX01715,CUST0759,1273.37,Card,None,7,4,0,1
TX01716,CUST0835,821.89,Card,None,2,0,0,1
TX01717,CUST0984,972.68,Card,Insufficient Funds,7,6,3,0
TX01718,CUST0983,2299.41,UPI,Network Error,8,7,0,0
TX01719,CUST0443,1134.45,Card,None,19,9,0,1
TX01720,CUST0767,386.89,UPI,None,6,5,1,1
TX01721,CUST0328,319.42,UPI,Expired Card,8,3,0,0
TX01722,CUST0054,247.24,Card,None,20,16,0,1
TX01723,CUST0761,4701.24,Net Banking,Bank Timeout,4,2,1,0
TX01724,CUST0239,2458.88,UPI,None,20,15,0,1
TX01725,CUST0229,985.86,UPI,None,9,4,1,1
TX01726,CUST0579,696.6,Card,Bank Timeout,5,1,0,1
TX01727,CUST0051,617.74,Net Banking,None,6,1,1,1
TX01728,CUST0609,3272.26,Card,None,19,19,0,1
TX01729,CUST0604,7364.55,Net Banking,None,12,4,2,1
TX01730,CUST0264,598.61,Card,None,5,3,2,1
TX01731,CUST0418,3423.49,Card,Network Error,5,0,0,0
TX01732,CUST0803,1127.79,UPI,None,18,2,2,1
TX01733,CUST0096,886.76,UPI,None,6,2,0,1
TX01734,CUST0088,4935.52,UPI,Insufficient Funds,9,9,1,0
TX01735,CUST0078,1085.54,Card,None,11,6,1,1
TX01736,CUST0288,1474.93,Net Banking,None,14,1,0,1
TX01737,CUST0120,1405.68,Net Banking,Network Error,2,0,0,1
TX01738,CUST0814,215.81,UPI,Expired Card,14,7,0,0
TX01739,CUST0491,1463.24,UPI,None,19,11,0,1
TX01740,CUST0912,624.72,UPI,None,10,5,0,1
TX01741,CUST0452,264.77,UPI,Insufficient Funds,5,5,0,0
TX01742,CUST0500,653.84,Card,Bank Timeout,4,4,0,0
TX01743,CUST0165,648.47,Net Banking,Network Error,7,0,1,0
TX01744,CUST0182,3071.38,Wallet,None,13,10,0,1
TX01745,CUST0469,378.5,Card,None,10,2,0,1
TX01746,CUST0910,497.78,Net Banking,None,10,3,0,1
TX01747,CUST0735,1387.68,Card,Insufficient Funds,4,0,1,0
TX01748,CUST0823,291.26,UPI,Insufficient Funds,16,12,2,0
TX01749,CUST0944,567.36,Card,None,15,0,0,1
TX01750,CUST0978,207.58,Card,None,11,0,1,1
TX01751,CUST0007,2751.8,Card,None,19,7,2,1
TX01752,CUST0330,811.3,UPI,Expired Card,3,0,3,0
TX01753,CUST0775,1079.32,UPI,None,15,5,0,1
TX01754,CUST0673,2740.81,UPI,None,16,2,0,1
TX01755,CUST0151,532.58,Wallet,None,14,9,0,1
TX01756,CUST0085,802.73,UPI,None,5,5,0,1
TX01757,CUST0147,381.33,Card,None,17,2,1,1
TX01758,CUST0624,380.5,Card,Bank Timeout,18,13,0,1
TX01759,CUST0381,436.77,UPI,Network Error,19,15,1,1
TX01760,CUST0915,670.16,Card,None,1,1,0,1
TX01761,CUST0548,746.36,Net Banking,None,9,0,0,1
TX01762,CUST0285,1463.57,Card,Insufficient Funds,14,8,3,0
TX01763,CUST0700,449.79,Net Banking,None,20,4,3,1
TX01764,CUST0082,1509.65,UPI,None,20,17,1,1
TX01765,CUST0514,1781.13,UPI,Authentication Failure,11,11,0,1
TX01766,CUST0897,686.89,Net Banking,Bank Timeout,2,2,3,1
TX01767,CUST0815,490.43,Net Banking,Bank Timeout,20,8,0,0
TX01768,CUST0709,1194.02,Wallet,None,5,3,1,1
TX01769,CUST0916,895.23,Card,None,15,6,0,1
TX01770,CUST0523,1366.97,Net Banking,None,12,7,1,1
TX01771,CUST0746,5270.43,Net Banking,None,14,12,1,1
TX01772,CUST0386,1174.55,Net Banking,Network Error,11,2,2,1
TX01773,CUST0707,578.69,Card,None,9,6,1,1
TX01774,CUST0471,449.94,UPI,Network Error,20,0,2,1
TX01775,CUST0119,467.69,Net Banking,None,8,5,0,1
TX01776,CUST0396,253.97,UPI,None,12,9,1,1
TX01777,CUST0532,2787.06,Card,Expired Card,3,1,0,0
TX01778,CUST0261,117.53,UPI,None,15,10,0,1
TX01779,CUST0805,1786.66,Card,None,8,5,1,1
TX01780,CUST0934,460.33,Card,None,7,2,2,1
TX01781,CUST0256,656.94,UPI,None,17,5,0,1
TX01782,CUST0734,446.76,Net Banking,None,12,2,0,1
TX01783,CUST0905,4655.78,UPI,None,20,9,0,1
TX01784,CUST0226,1114.67,Card,None,18,8,2,1
TX01785,CUST0053,2417.23,UPI,Bank Timeout,18,18,0,0
TX01786,CUST0940,4025.99,UPI,None,15,5,0,1
TX01787,CUST0867,1291.3,UPI,None,3,2,0,1
TX01788,CUST0500,331.75,Card,None,19,8,0,1
TX01789,CUST0506,879.5,UPI,None,15,2,1,1
TX01790,CUST0854,522.04,Net Banking,None,16,7,3,1
TX01791,CUST0364,662.81,UPI,None,17,3,0,1
TX01792,CUST0280,997.62,UPI,None,1,0,0,1
TX01793,CUST0593,958.96,UPI,Bank Timeout,11,2,2,0
TX01794,CUST0714,1655.92,UPI,Authentication Failure,6,5,2,0
TX01795,CUST0158,1914.68,Card,Bank Timeout,9,1,0,0
TX01796,CUST0632,958.97,Net Banking,None,20,18,0,1
TX01797,CUST0059,1641.67,Card,None,16,5,3,1
TX01798,CUST0727,633.11,UPI,Authentication Failure,6,4,1,0
TX01799,CUST0128,4083.79,UPI,None,12,9,2,1
TX01800,CUST0736,622.96,Card,Bank Timeout,19,10,0,1
TX01801,CUST0721,3630.72,Wallet,None,13,7,1,1
TX01802,CUST0882,250.62,UPI,None,13,4,1,1
TX01803,CUST0115,749.64,Card,Network Error,4,2,2,1
TX01804,CUST0209,787.62,UPI,Network Error,9,7,3,1
TX01805,CUST0526,1449.53,UPI,Bank Timeout,14,10,0,0
TX01806,CUST0521,2596.23,Card,Authentication Failure,14,4,1,1
TX01807,CUST0552,314.38,UPI,None,17,10,0,1
TX01808,CUST0962,362.13,Card,None,5,1,1,1
TX01809,CUST0237,269.91,UPI,Insufficient Funds,19,12,1,0
TX01810,CUST0281,4105.92,Card,None,2,1,2,1
TX01811,CUST0359,1476.76,UPI,None,13,4,0,1
TX01812,CUST0201,370.79,Wallet,None,11,1,0,1
TX01813,CUST0758,704.09,UPI,None,2,1,0,1
TX01814,CUST0278,3575.15,Net Banking,None,1,1,0,1
TX01815,CUST0235,830.38,Net Banking,None,3,3,0,1
TX01816,CUST0494,782.75,Wallet,Insufficient Funds,12,5,2,0
TX01817,CUST0004,502.05,Card,Network Error,7,5,0,1
TX01818,CUST0666,393.47,Card,None,1,0,0,1
TX01819,CUST0442,3580.74,UPI,None,9,2,2,1
TX01820,CUST0029,5848.27,UPI,None,18,2,2,1
TX01821,CUST0109,409.45,UPI,None,20,11,0,1
TX01822,CUST0610,4469.1,UPI,None,6,6,0,1
TX01823,CUST0727,673.58,Wallet,None,9,9,0,1
TX01824,CUST0805,1869.91,UPI,None,8,3,0,1
TX01825,CUST0075,4492.72,Card,None,18,14,1,1
TX01826,CUST0838,948.54,Card,None,15,1,1,1
TX01827,CUST0146,790.02,Card,None,1,0,1,1
TX01828,CUST0128,2443.24,Card,None,14,14,2,1
TX01829,CUST0853,361.42,UPI,None,18,13,1,1
TX01830,CUST0042,3453.22,Card,None,19,5,3,1
TX01831,CUST0356,1264.98,UPI,Authentication Failure,19,13,2,0
TX01832,CUST0041,615.39,Net Banking,None,10,1,0,1
TX01833,CUST0934,599.34,Card,Insufficient Funds,20,18,0,0
TX01834,CUST0034,274.94,Wallet,None,6,4,0,1
TX01835,CUST0017,641.51,UPI,Insufficient Funds,17,10,1,0
TX01836,CUST0677,842.15,UPI,None,14,10,1,1
TX01837,CUST0153,379.44,UPI,Network Error,13,4,0,1
TX01838,CUST0998,1047.89,UPI,None,8,8,2,1
TX01839,CUST0378,1759.73,UPI,Network Error,10,9,0,1
TX01840,CUST0588,885.83,Card,None,9,2,2,1
TX01841,CUST0599,2127.55,UPI,None,5,1,0,1
TX01842,CUST0629,489.24,Card,Network Error,4,1,0,1
TX01843,CUST0874,2991.06,Net Banking,None,6,6,0,1
TX01844,CUST0342,1238.7,Card,Authentication Failure,6,3,0,0
TX01845,CUST0981,5142.31,UPI,None,13,8,0,1
TX01846,CUST0027,12261.47,UPI,None,4,2,1,1
TX01847,CUST0825,685.23,Card,Network Error,8,5,0,0
TX01848,CUST0287,714.04,UPI,None,5,4,1,1
TX01849,CUST0646,857.27,Card,None,2,0,0,1
TX01850,CUST0731,1989.63,UPI,Network Error,9,9,0,1
TX01851,CUST0168,4129.74,Net Banking,Bank Timeout,11,7,1,1
TX01852,CUST0610,570.89,Card,Authentication Failure,20,0,0,0
TX01853,CUST0268,1605.59,Card,None,20,16,0,1
TX01854,CUST0749,957.26,UPI,None,11,2,0,1
TX01855,CUST0821,2034.71,UPI,None,7,2,0,1
TX01856,CUST0455,4961.47,Card,None,14,1,0,1
TX01857,CUST0906,862.36,Card,Network Error,6,1,0,1
TX01858,CUST0685,206.47,UPI,None,4,1,0,1
TX01859,CUST0401,2307.46,UPI,None,6,3,0,1
TX01860,CUST0922,476.89,UPI,None,3,0,2,1
TX01861,CUST0981,950.4,Card,Network Error,6,1,0,0
TX01862,CUST0476,2409.15,UPI,Authentication Failure,3,2,2,0
TX01863,CUST0702,1476.45,Card,None,1,0,0,1
TX01864,CUST0634,990.57,Card,None,18,4,1,1
TX01865,CUST0558,616.54,Card,Network Error,4,4,1,1
TX01866,CUST0576,60.35,Net Banking,None,6,0,0,1
TX01867,CUST0130,2204.64,Net Banking,None,17,13,3,1
TX01868,CUST0822,851.54,Card,None,18,12,0,1
TX01869,CUST0363,4980.75,UPI,None,6,4,0,1
TX01870,CUST0705,1632.76,UPI,None,2,2,0,1
TX01871,CUST0819,638.34,Card,Bank Timeout,12,7,3,0
TX01872,CUST0693,3187.11,Card,None,12,10,2,1
TX01873,CUST0292,3467.29,Card,None,4,0,0,1
TX01874,CUST0371,880.92,UPI,Insufficient Funds,16,16,0,1
TX01875,CUST0794,3617.88,Card,Bank Timeout,20,19,0,1
TX01876,CUST0029,629.35,UPI,None,10,7,0,1
TX01877,CUST0149,1286.46,Card,None,10,2,0,1
TX01878,CUST0779,1941.87,UPI,None,7,0,0,1
TX01879,CUST0296,2403.74,Card,None,14,10,0,1
TX01880,CUST0011,2041.67,UPI,None,7,3,2,1
TX01881,CUST0512,786.3,UPI,None,12,8,0,1
TX01882,CUST0676,3273.77,Card,None,11,8,1,1
TX01883,CUST0113,968.33,UPI,None,17,17,0,1
TX01884,CUST0187,620.78,Card,None,11,10,3,1
TX01885,CUST0807,629.96,Card,None,3,2,0,1
TX01886,CUST0744,7631.11,Card,None,19,15,0,1
TX01887,CUST0227,522.18,UPI,None,4,2,1,1
TX01888,CUST0310,3990.35,Card,None,8,3,1,1
TX01889,CUST0098,352.32,Card,None,14,14,0,1
TX01890,CUST0055,1786.31,Card,None,20,17,0,1
TX01891,CUST0623,1475.99,Card,None,14,6,1,1
TX01892,CUST0664,5548.19,UPI,None,16,10,0,1
TX01893,CUST0758,569.98,UPI,Insufficient Funds,15,15,1,0
TX01894,CUST0406,432.39,UPI,Expired Card,12,2,0,0
TX01895,CUST0069,976.03,UPI,None,16,8,0,1
TX01896,CUST0312,5795.3,UPI,Authentication Failure,20,7,0,0
TX01897,CUST0289,452.98,Card,None,19,6,0,1
TX01898,CUST0762,82.4,Card,None,5,0,1,1
TX01899,CUST0548,1164.17,UPI,Expired Card,12,10,0,0
TX01900,CUST0751,2834.22,Wallet,None,5,0,0,1
TX01901,CUST0148,397.9,Card,None,10,10,0,1
TX01902,CUST0467,2560.43,Net Banking,None,17,3,0,1
TX01903,CUST0739,389.2,Card,None,15,3,0,1
TX01904,CUST0244,947.13,Card,None,8,4,0,1
TX01905,CUST0491,2327.81,UPI,None,8,7,1,1
TX01906,CUST0849,334.47,UPI,None,8,0,3,1
TX01907,CUST0958,1314.9,UPI,None,10,5,2,1
TX01908,CUST0507,3695.88,Card,None,20,8,0,1
TX01909,CUST0365,1761.52,UPI,Authentication Failure,13,9,1,0
TX01910,CUST0482,533.45,Card,Bank Timeout,16,7,2,0
TX01911,CUST0201,5007.63,UPI,None,9,1,0,1
TX01912,CUST0154,2118.35,Net Banking,None,16,4,1,1
TX01913,CUST0450,170.64,UPI,Bank Timeout,10,1,1,0
TX01914,CUST0501,2602.54,UPI,None,3,2,1,1
TX01915,CUST0073,619.32,UPI,None,14,0,1,1
TX01916,CUST0713,1334.84,UPI,None,13,1,1,1
TX01917,CUST0296,3004.91,UPI,Insufficient Funds,4,2,1,0
TX01918,CUST0017,632.95,Card,None,4,1,1,1
TX01919,CUST0641,211.54,UPI,None,6,5,0,1
TX01920,CUST0217,4942.1,UPI,None,19,18,1,1
TX01921,CUST0061,3514.26,Net Banking,None,11,4,0,1
TX01922,CUST0939,1005.0,UPI,None,8,1,2,1
TX01923,CUST0616,2574.53,Net Banking,None,14,11,0,1
TX01924,CUST0042,757.95,Wallet,None,8,7,0,1
TX01925,CUST0025,1208.3,UPI,None,14,3,1,1
TX01926,CUST0039,949.29,UPI,None,7,2,1,1
TX01927,CUST0803,789.23,UPI,Bank Timeout,18,9,0,1
TX01928,CUST0131,1570.74,Card,Insufficient Funds,12,11,0,0
TX01929,CUST0498,327.61,Card,None,14,5,3,1
TX01930,CUST0229,852.71,Card,None,15,2,0,1
TX01931,CUST0108,1501.89,Card,None,18,10,0,1
TX01932,CUST0172,6891.89,UPI,None,12,7,1,1
TX01933,CUST0435,341.2,Net Banking,Network Error,10,7,1,1
TX01934,CUST0478,1845.59,Card,None,12,2,1,1
TX01935,CUST0102,2059.36,Card,None,8,8,1,1
TX01936,CUST0866,167.89,Net Banking,Network Error,6,1,2,0
TX01937,CUST0524,1653.31,Card,Authentication Failure,19,15,2,1
TX01938,CUST0275,2644.63,UPI,None,1,1,1,1
TX01939,CUST0613,1975.65,UPI,None,13,8,0,1
TX01940,CUST0044,1008.35,Card,None,16,6,0,1
TX01941,CUST0955,1530.33,UPI,Insufficient Funds,18,14,1,0
TX01942,CUST0817,1299.64,Wallet,Bank Timeout,12,9,0,1
TX01943,CUST0957,202.46,UPI,None,5,2,0,1
TX01944,CUST0017,1330.51,Card,None,13,5,0,1
TX01945,CUST0330,759.7,Card,None,8,1,2,1
TX01946,CUST0569,541.95,UPI,None,6,5,0,1
TX01947,CUST0823,13160.43,Net Banking,None,3,3,1,1
TX01948,CUST0497,3837.65,Net Banking,None,20,4,1,1
TX01949,CUST0815,347.17,Card,None,4,4,0,1
TX01950,CUST0012,1550.97,UPI,Network Error,12,2,0,0
TX01951,CUST0318,4712.74,UPI,None,13,13,0,1
TX01952,CUST0592,245.62,UPI,None,2,2,0,1
TX01953,CUST0216,1184.39,UPI,None,19,19,1,1
TX01954,CUST0339,1241.5,Card,Bank Timeout,4,2,1,0
TX01955,CUST0776,306.59,Wallet,None,13,13,0,1
TX01956,CUST0991,1602.87,Card,Insufficient Funds,19,5,0,0
TX01957,CUST0661,3348.43,Net Banking,None,8,8,1,1
TX01958,CUST0081,4954.48,Card,Authentication Failure,8,5,0,0
TX01959,CUST0727,854.6,Card,Insufficient Funds,16,3,0,0
TX01960,CUST0485,13381.72,Net Banking,None,11,9,0,1
TX01961,CUST0374,140.05,Card,Authentication Failure,18,17,1,0
TX01962,CUST0976,1565.9,Net Banking,None,4,0,1,1
TX01963,CUST0710,267.12,UPI,None,1,0,3,1
TX01964,CUST0200,1200.13,UPI,None,1,1,0,1
TX01965,CUST0537,650.73,Net Banking,None,14,3,0,1
TX01966,CUST0466,1820.52,Card,Network Error,4,3,1,0
TX01967,CUST0089,965.96,Net Banking,Network Error,11,1,1,0
TX01968,CUST0268,480.11,Net Banking,None,18,4,0,1
TX01969,CUST0655,512.71,UPI,None,16,12,0,1
TX01970,CUST0571,7573.87,Card,None,17,5,0,1
TX01971,CUST0922,1708.76,UPI,None,2,1,1,1
TX01972,CUST0489,199.91,Card,None,4,2,0,1
TX01973,CUST0877,1902.24,Card,Insufficient Funds,3,3,3,1
TX01974,CUST0538,902.64,UPI,None,15,14,0,1
TX01975,CUST0047,1101.69,Card,None,2,2,0,1
TX01976,CUST0288,2489.63,Card,Insufficient Funds,19,8,0,0
TX01977,CUST0778,3580.39,UPI,None,9,6,0,1
TX01978,CUST0016,464.6,Net Banking,None,10,2,1,1
TX01979,CUST0711,1064.5,Card,None,19,19,1,1
TX01980,CUST0401,635.17,Net Banking,None,5,2,0,1
TX01981,CUST0919,1991.94,UPI,Expired Card,14,7,0,1
TX01982,CUST0794,869.31,UPI,None,10,5,1,1
TX01983,CUST0981,1129.19,Card,None,16,3,0,1
TX01984,CUST0086,836.92,UPI,None,6,3,0,1
TX01985,CUST0250,986.22,Wallet,None,8,1,0,1
TX01986,CUST0391,6030.9,UPI,Bank Timeout,2,1,0,1
TX01987,CUST0782,11977.27,Card,Authentication Failure,18,7,0,0
TX01988,CUST0335,1598.93,Card,Insufficient Funds,20,16,0,0
TX01989,CUST0629,992.3,UPI,None,8,8,0,1
TX01990,CUST0519,222.37,UPI,None,5,2,2,1
TX01991,CUST0137,512.64,Card,None,17,3,0,1
TX01992,CUST0883,966.1,Card,None,16,9,0,1
TX01993,CUST0688,536.43,UPI,None,5,3,1,1
TX01994,CUST0840,595.92,Net Banking,None,17,1,0,1
TX01995,CUST0498,5299.62,UPI,Insufficient Funds,4,3,0,0
TX01996,CUST0827,1128.67,UPI,None,1,1,0,1
TX01997,CUST0727,1234.24,Card,None,6,2,2,1
TX01998,CUST0477,558.81,UPI,None,1,1,0,1
TX01999,CUST0594,3560.1,Net Banking,None,4,4,2,1
TX02000,CUST0223,886.62,UPI,None,2,0,1,1
TX02001,CUST0990,651.41,UPI,None,13,11,1,1
TX02002,CUST0372,225.71,UPI,None,14,2,1,1
TX02003,CUST0935,1031.63,Card,None,17,11,0,1
TX02004,CUST0995,631.4,Card,Network Error,11,10,0,1
TX02005,CUST0402,5911.06,Card,None,3,3,0,1
TX02006,CUST0443,6931.97,UPI,None,7,0,0,1
TX02007,CUST0490,318.85,UPI,None,10,1,3,1
TX02008,CUST0615,357.04,Net Banking,None,11,10,0,1
TX02009,CUST0273,831.87,UPI,Authentication Failure,10,6,0,0
TX02010,CUST0526,484.91,Net Banking,None,8,0,1,1
TX02011,CUST0159,1362.96,UPI,None,5,3,3,1
TX02012,CUST0152,791.06,Net Banking,Insufficient Funds,2,0,3,0
TX02013,CUST0995,1451.76,UPI,None,15,12,1,1
TX02014,CUST0620,3029.32,Card,None,16,1,0,1
TX02015,CUST0188,378.33,UPI,None,4,1,0,1
TX02016,CUST0813,2966.72,UPI,None,16,0,0,1
TX02017,CUST0098,529.19,UPI,Insufficient Funds,12,6,0,0
TX02018,CUST0131,9400.17,UPI,None,14,12,0,1
TX02019,CUST0805,5546.8,UPI,None,12,7,2,1
TX02020,CUST0171,979.38,Card,None,16,1,2,1
TX02021,CUST0936,418.39,Card,None,16,6,1,1
TX02022,CUST0986,345.55,Card,None,12,0,1,1
TX02023,CUST0183,2627.08,Card,None,2,1,0,1
TX02024,CUST0983,1063.79,Card,None,14,4,0,1
TX02025,CUST0364,2770.73,UPI,None,11,10,2,1
TX02026,CUST0039,9939.07,Card,Authentication Failure,9,5,0,0
TX02027,CUST0527,507.56,UPI,None,7,7,1,1
TX02028,CUST0888,320.49,Net Banking,None,12,7,0,1
TX02029,CUST0497,1329.5,UPI,None,17,10,2,1
TX02030,CUST0516,3445.28,UPI,Authentication Failure,9,0,1,0
TX02031,CUST0349,428.18,Card,Network Error,6,2,1,1
TX02032,CUST0982,1135.27,UPI,Bank Timeout,12,10,0,1
TX02033,CUST0921,4315.82,Net Banking,None,20,7,0,1
TX02034,CUST0397,214.25,Net Banking,Bank Timeout,10,3,0,1
TX02035,CUST0722,1387.58,UPI,None,9,9,0,1
TX02036,CUST0161,639.0,UPI,None,12,8,2,1
TX02037,CUST0016,1241.6,Card,None,1,0,1,1
TX02038,CUST0493,2230.06,Card,Bank Timeout,2,1,0,0
TX02039,CUST0426,1367.59,UPI,Network Error,19,16,0,0
TX02040,CUST0108,399.33,Card,Insufficient Funds,1,0,1,0
TX02041,CUST0894,664.31,Card,Authentication Failure,16,12,0,0
TX02042,CUST0450,4566.91,UPI,None,16,13,0,1
TX02043,CUST0311,1523.75,UPI,None,18,17,0,1
TX02044,CUST0739,2541.02,Card,None,18,13,0,1
TX02045,CUST0170,1408.52,UPI,Insufficient Funds,13,13,0,0
TX02046,CUST0546,2462.95,Net Banking,None,12,7,0,1
TX02047,CUST0414,737.93,UPI,Insufficient Funds,9,4,1,0
TX02048,CUST0251,509.02,Card,None,5,4,1,1
TX02049,CUST0759,2353.59,Net Banking,None,9,5,0,1
TX02050,CUST0781,3385.9,Net Banking,None,13,12,0,1
TX02051,CUST0141,439.54,UPI,None,16,15,2,1
TX02052,CUST0274,616.5,UPI,Insufficient Funds,10,4,1,0
TX02053,CUST0416,931.48,Card,None,16,5,0,1
TX02054,CUST0608,5540.41,UPI,None,14,12,0,1
TX02055,CUST0739,1925.87,UPI,None,2,0,0,1
TX02056,CUST0891,291.75,Net Banking,None,19,15,0,1
TX02057,CUST0039,999.26,UPI,None,11,9,3,1
TX02058,CUST0814,857.59,UPI,None,19,1,0,1
TX02059,CUST0029,339.25,UPI,Insufficient Funds,11,0,1,0
TX02060,CUST0958,987.53,Card,None,14,0,0,1
TX02061,CUST0477,820.54,Card,None,15,3,2,1
TX02062,CUST0318,763.85,UPI,None,7,1,0,1
TX02063,CUST0245,729.69,UPI,None,15,5,0,1
TX02064,CUST0748,4776.17,UPI,None,8,8,0,1
TX02065,CUST0697,762.27,Card,None,4,1,0,1
TX02066,CUST0272,1152.48,UPI,None,18,12,0,1
TX02067,CUST0440,1034.05,Net Banking,None,14,11,0,1
TX02068,CUST0748,661.81,UPI,None,18,1,0,1
TX02069,CUST0239,1187.38,Wallet,Network Error,4,0,0,0
TX02070,CUST0377,1170.69,UPI,Authentication Failure,2,2,0,0
TX02071,CUST0266,1187.68,Card,None,6,1,1,1
TX02072,CUST0926,464.41,UPI,None,11,2,0,1
TX02073,CUST0921,892.37,UPI,None,1,1,1,1
TX02074,CUST0359,2345.66,Net Banking,None,15,5,2,1
TX02075,CUST0340,916.15,Net Banking,Bank Timeout,12,4,1,0
TX02076,CUST0389,1289.21,UPI,Network Error,18,11,0,1
TX02077,CUST0577,1296.0,Card,None,5,1,0,1
TX02078,CUST0990,1664.69,Card,None,11,8,0,1
TX02079,CUST0689,1917.26,Net Banking,None,19,10,0,1
TX02080,CUST0003,921.36,UPI,None,1,1,0,1
TX02081,CUST0429,440.83,Card,Bank Timeout,17,9,0,0
TX02082,CUST0142,324.18,Card,None,8,0,0,1
TX02083,CUST0376,3034.15,UPI,None,16,1,0,1
TX02084,CUST0670,2369.06,Net Banking,None,11,8,0,1
TX02085,CUST0324,2099.31,UPI,None,19,17,0,1
TX02086,CUST0146,2468.1,UPI,None,11,6,0,1
TX02087,CUST0958,933.04,Card,None,15,13,0,1
TX02088,CUST0293,587.06,Card,None,8,3,0,1
TX02089,CUST0665,411.41,UPI,Network Error,14,9,2,0
TX02090,CUST0432,368.95,UPI,Insufficient Funds,1,1,1,0
TX02091,CUST0705,3685.49,Net Banking,None,10,3,0,1
TX02092,CUST0949,669.72,UPI,Authentication Failure,7,4,2,0
TX02093,CUST0975,3149.06,Card,None,18,3,0,1
TX02094,CUST0585,909.7,Card,Network Error,12,2,0,0
TX02095,CUST0399,557.67,UPI,Insufficient Funds,2,1,0,0
TX02096,CUST0817,367.1,Net Banking,None,18,16,1,1
TX02097,CUST0889,609.02,Card,Bank Timeout,7,7,0,1
TX02098,CUST0344,4528.92,Card,None,20,11,0,1
TX02099,CUST0964,370.85,Card,None,12,4,0,1
TX02100,CUST0140,9106.53,Card,None,20,7,2,1
TX02101,CUST0187,473.14,Card,Insufficient Funds,14,9,0,0
TX02102,CUST0805,2321.46,Net Banking,Insufficient Funds,10,3,0,0
TX02103,CUST0061,948.37,UPI,None,9,3,0,1
TX02104,CUST0997,795.87,UPI,None,15,4,1,1
TX02105,CUST0939,307.53,UPI,None,20,20,0,1
TX02106,CUST0380,993.87,UPI,Expired Card,10,10,1,1
TX02107,CUST0710,344.37,UPI,None,19,5,0,1
TX02108,CUST0807,204.06,Net Banking,Network Error,19,4,0,0
TX02109,CUST0440,1235.95,Card,None,12,4,0,1
TX02110,CUST0319,580.9,Card,None,12,12,0,1
TX02111,CUST0302,5909.69,Card,None,9,7,2,1
TX02112,CUST0344,2981.02,Net Banking,Expired Card,20,17,1,1
TX02113,CUST0011,5987.52,Card,None,4,3,3,1
TX02114,CUST0062,555.08,Net Banking,Authentication Failure,1,1,1,0
TX02115,CUST0845,1256.57,UPI,None,16,4,0,1
TX02116,CUST0226,79.78,Net Banking,None,1,0,1,1
TX02117,CUST0153,827.33,Card,Network Error,13,5,1,1
TX02118,CUST0711,1210.15,UPI,Network Error,3,2,0,1
TX02119,CUST0564,1279.27,Card,Insufficient Funds,12,4,0,1
TX02120,CUST0772,1051.14,Card,None,9,5,0,1
TX02121,CUST0571,1172.15,UPI,None,4,3,0,1
TX02122,CUST0584,72.73,Card,None,2,2,0,1
TX02123,CUST0660,1416.89,UPI,None,9,2,2,1
TX02124,CUST0861,1778.35,UPI,Expired Card,20,18,1,0
TX02125,CUST0575,4179.83,Net Banking,None,13,10,0,1
TX02126,CUST0310,1585.63,Card,None,14,7,0,1
TX02127,CUST0885,962.24,Net Banking,None,3,1,0,1
TX02128,CUST0243,3310.79,Card,None,18,4,0,1
TX02129,CUST0493,103.82,UPI,None,9,8,0,1
TX02130,CUST0366,655.27,Card,None,15,2,1,1
TX02131,CUST0330,509.89,Card,None,10,9,2,1
TX02132,CUST0107,1059.42,Wallet,None,17,9,0,1
TX02133,CUST0226,121.67,UPI,Expired Card,13,7,0,1
TX02134,CUST0825,4103.66,Net Banking,None,1,1,0,1
TX02135,CUST0218,854.22,Net Banking,None,11,6,0,1
TX02136,CUST0937,1508.39,Card,Expired Card,5,3,0,1
TX02137,CUST0753,1370.72,Net Banking,Bank Timeout,9,6,2,0
TX02138,CUST0506,3875.73,UPI,Expired Card,7,5,3,0
TX02139,CUST0259,170.38,Wallet,Expired Card,7,2,2,1
TX02140,CUST0888,1226.99,Card,None,2,1,2,1
TX02141,CUST0774,3450.17,UPI,None,19,8,3,1
TX02142,CUST0517,994.27,Net Banking,None,20,11,2,1
TX02143,CUST0773,423.58,Card,None,18,2,1,1
TX02144,CUST0054,599.51,Card,Bank Timeout,10,5,0,1
TX02145,CUST0047,740.3,Card,None,5,2,0,1
TX02146,CUST0727,533.23,UPI,Network Error,16,5,0,0
TX02147,CUST0689,941.23,Card,Network Error,5,4,0,1
TX02148,CUST0521,4955.47,Net Banking,None,15,2,1,1
TX02149,CUST0099,603.43,UPI,Insufficient Funds,16,6,0,0
TX02150,CUST0020,673.39,UPI,None,4,3,0,1
TX02151,CUST0890,1736.77,UPI,None,14,5,0,1
TX02152,CUST0753,920.74,UPI,Insufficient Funds,17,4,0,0
TX02153,CUST0573,290.27,Card,None,17,0,0,1
TX02154,CUST0891,1031.54,Card,Network Error,16,16,0,1
TX02155,CUST0490,993.38,Net Banking,None,9,8,0,1
TX02156,CUST0419,2909.33,Card,None,2,0,0,1
TX02157,CUST0690,414.82,UPI,Bank Timeout,11,4,0,1
TX02158,CUST0850,2928.72,Net Banking,None,15,7,0,1
TX02159,CUST0062,994.43,Card,None,3,1,1,1
TX02160,CUST0145,362.15,Card,None,16,16,0,1
TX02161,CUST0216,296.26,Card,Insufficient Funds,19,12,0,0
TX02162,CUST0003,7588.49,Net Banking,None,6,4,1,1
TX02163,CUST0160,934.57,Card,Insufficient Funds,14,3,0,0
TX02164,CUST0739,2797.56,UPI,None,5,2,0,1
TX02165,CUST0998,198.72,Card,None,5,1,2,1
TX02166,CUST0781,15331.96,UPI,Authentication Failure,6,1,0,0
TX02167,CUST0120,2679.12,UPI,None,18,8,0,1
TX02168,CUST0893,849.43,UPI,None,18,2,2,1
TX02169,CUST0089,807.41,UPI,Network Error,19,6,2,0
TX02170,CUST0329,2286.09,UPI,Network Error,2,1,0,1
TX02171,CUST0580,2158.53,UPI,None,17,14,1,1
TX02172,CUST0910,1316.23,Card,None,1,1,1,1
TX02173,CUST0357,1108.63,Net Banking,Network Error,9,8,0,1
TX02174,CUST0610,1921.9,Wallet,Insufficient Funds,13,10,1,1
TX02175,CUST0267,192.15,UPI,Network Error,4,4,0,1
TX02176,CUST0617,756.52,Card,None,5,0,0,1
TX02177,CUST0952,211.27,Net Banking,Expired Card,18,3,1,0
TX02178,CUST0323,2007.39,UPI,None,10,1,0,1
TX02179,CUST0635,557.9,Card,None,4,0,2,1
TX02180,CUST0988,227.79,Card,None,13,5,1,1
TX02181,CUST0541,495.82,UPI,None,13,4,2,1
TX02182,CUST0649,1273.29,Net Banking,None,17,5,0,1
TX02183,CUST0195,893.17,Net Banking,None,8,6,0,1
TX02184,CUST0921,339.29,UPI,None,4,0,1,1
TX02185,CUST0738,199.36,UPI,None,3,1,0,1
TX02186,CUST0332,1180.78,UPI,None,11,9,0,1
TX02187,CUST0170,613.53,UPI,None,12,10,1,1
TX02188,CUST0521,847.19,Card,None,9,5,0,1
TX02189,CUST0463,934.78,Card,None,15,5,0,1
TX02190,CUST0040,1685.92,UPI,None,13,12,0,1
TX02191,CUST0537,2557.91,Net Banking,None,5,2,0,1
TX02192,CUST0261,1269.67,UPI,Expired Card,5,4,0,0
TX02193,CUST0395,795.95,UPI,Insufficient Funds,19,7,0,1
TX02194,CUST0955,1124.13,UPI,Insufficient Funds,11,8,0,0
TX02195,CUST0226,781.15,Card,None,9,0,1,1
TX02196,CUST0984,212.18,UPI,None,3,3,0,1
TX02197,CUST0124,3268.04,UPI,None,18,5,1,1
TX02198,CUST0975,2706.57,UPI,Network Error,13,6,0,0
TX02199,CUST0038,8009.1,Net Banking,None,12,10,1,1
TX02200,CUST0328,10726.79,Wallet,None,9,7,3,1
TX02201,CUST0251,338.32,UPI,None,10,9,0,1
TX02202,CUST0901,784.15,UPI,None,13,10,1,1
TX02203,CUST0176,13514.79,Card,Expired Card,20,6,0,0
TX02204,CUST0602,1053.05,Card,Network Error,20,7,0,1
TX02205,CUST0914,1399.98,UPI,Bank Timeout,13,10,2,0
TX02206,CUST0454,239.58,Net Banking,None,9,8,1,1
TX02207,CUST0037,1274.47,Card,Insufficient Funds,10,9,0,0
TX02208,CUST0316,7569.94,Card,None,19,6,2,1
TX02209,CUST0688,3970.41,Card,Authentication Failure,6,6,0,1
TX02210,CUST0973,595.87,Wallet,None,7,6,1,1
TX02211,CUST0796,737.81,Card,None,15,15,0,1
TX02212,CUST0965,353.93,UPI,None,19,2,1,1
TX02213,CUST0973,468.17,UPI,None,14,14,0,1
TX02214,CUST0593,162.36,Card,Insufficient Funds,16,0,2,1
TX02215,CUST0114,1007.45,UPI,Expired Card,14,13,1,1
TX02216,CUST0040,4964.71,Card,None,20,10,0,1
TX02217,CUST0301,1564.67,Net Banking,None,2,2,1,1
TX02218,CUST0224,4299.44,Card,None,9,8,1,1
TX02219,CUST0318,3207.51,Wallet,Insufficient Funds,3,1,0,0
TX02220,CUST0349,634.73,UPI,None,6,6,0,1
TX02221,CUST0115,513.11,Net Banking,None,5,2,0,1
TX02222,CUST0698,533.16,Card,None,14,1,0,1
TX02223,CUST0323,196.95,UPI,None,15,0,0,1
TX02224,CUST0568,1132.67,Card,Network Error,18,16,0,1
TX02225,CUST0040,60.07,UPI,None,17,2,0,1
TX02226,CUST0866,1981.12,Card,None,9,2,0,1
TX02227,CUST0040,1178.36,Card,Bank Timeout,19,14,3,0
TX02228,CUST0859,1757.13,UPI,None,9,9,1,1
TX02229,CUST0973,3155.86,Card,None,16,7,1,1
TX02230,CUST0749,1337.82,Card,None,6,0,0,1
TX02231,CUST0289,5605.88,UPI,None,8,3,0,1
TX02232,CUST0262,2042.53,UPI,None,3,3,0,1
TX02233,CUST0216,514.33,UPI,Expired Card,5,1,1,0
TX02234,CUST0147,864.62,Card,Bank Timeout,7,1,0,0
TX02235,CUST0336,114.29,Net Banking,Insufficient Funds,1,0,0,0
TX02236,CUST0168,444.88,Net Banking,Authentication Failure,4,0,2,0
TX02237,CUST0092,749.2,Card,None,16,6,0,1
TX02238,CUST0353,1893.67,Card,None,14,11,2,1
TX02239,CUST0571,517.83,UPI,None,1,0,2,1
TX02240,CUST0571,315.37,Card,Bank Timeout,4,1,0,1
TX02241,CUST0816,166.08,UPI,None,10,10,2,1
TX02242,CUST0681,604.01,UPI,None,11,0,0,1
TX02243,CUST0781,7714.46,Card,None,7,7,3,1
TX02244,CUST0363,1438.14,UPI,None,4,0,0,1
TX02245,CUST0557,2806.18,Card,None,1,0,1,1
TX02246,CUST0345,445.83,Net Banking,Insufficient Funds,1,1,1,0
TX02247,CUST0693,227.36,UPI,None,17,3,0,1
TX02248,CUST0170,323.41,UPI,Insufficient Funds,10,0,1,0
TX02249,CUST0356,995.13,Net Banking,None,5,2,2,1
TX02250,CUST0191,149.29,Card,Network Error,7,5,2,1
TX02251,CUST0667,400.78,UPI,Authentication Failure,8,0,1,0
TX02252,CUST0422,610.11,UPI,Insufficient Funds,2,2,1,1
TX02253,CUST0700,292.68,Card,None,9,1,0,1
TX02254,CUST0007,131.15,Card,None,4,2,1,1
TX02255,CUST0133,1465.06,UPI,None,12,6,1,1
TX02256,CUST0747,1148.11,UPI,None,11,8,1,1
TX02257,CUST0557,2389.96,Net Banking,None,5,4,1,1
TX02258,CUST0826,361.25,Card,Authentication Failure,12,3,0,0
TX02259,CUST0761,2344.72,Wallet,None,4,0,0,1
TX02260,CUST0031,5060.92,Card,None,13,10,0,1
TX02261,CUST0535,1425.41,Net Banking,None,1,1,0,1
TX02262,CUST0426,595.89,UPI,Insufficient Funds,18,5,0,0
TX02263,CUST0394,1267.85,Card,Expired Card,4,2,1,0
TX02264,CUST0672,568.05,UPI,None,4,3,0,1
TX02265,CUST0363,480.93,Card,None,8,0,0,1
TX02266,CUST0437,2171.69,Card,Bank Timeout,20,13,0,0
TX02267,CUST0670,954.27,UPI,None,6,5,0,1
TX02268,CUST0551,3659.55,Net Banking,None,4,4,0,1
TX02269,CUST0927,704.56,Net Banking,Insufficient Funds,4,1,1,0
TX02270,CUST0082,779.63,UPI,Expired Card,11,4,0,0
TX02271,CUST0356,622.34,Card,None,9,1,0,1
TX02272,CUST0258,357.74,UPI,None,14,5,2,1
TX02273,CUST0718,2476.06,UPI,None,4,1,0,1
TX02274,CUST0589,9756.72,Net Banking,None,13,8,1,1
TX02275,CUST0989,748.28,UPI,None,6,5,3,1
TX02276,CUST0524,555.3,Net Banking,None,13,5,0,1
TX02277,CUST0295,520.44,UPI,None,3,3,0,1
TX02278,CUST0962,555.72,Card,None,7,1,0,1
TX02279,CUST0224,5708.91,Card,None,1,0,0,1
TX02280,CUST0525,534.6,UPI,None,11,9,0,1
TX02281,CUST0046,610.78,UPI,None,2,1,0,1
TX02282,CUST0667,317.24,Net Banking,None,5,3,0,1
TX02283,CUST0113,1470.93,Card,None,14,11,1,1
TX02284,CUST0233,1025.33,UPI,None,13,8,0,1
TX02285,CUST0017,351.72,Card,Bank Timeout,16,8,1,0
TX02286,CUST0360,449.07,UPI,None,15,2,1,1
TX02287,CUST0223,5079.32,UPI,Expired Card,3,3,0,0
TX02288,CUST0866,1133.09,Card,None,6,4,0,1
TX02289,CUST0700,1214.01,UPI,None,9,0,0,1
TX02290,CUST0448,1218.84,Net Banking,None,3,0,1,1
TX02291,CUST0856,4423.23,Card,None,13,3,0,1
TX02292,CUST0365,385.59,Net Banking,Insufficient Funds,13,3,1,0
TX02293,CUST0675,737.75,Card,Authentication Failure,7,2,1,0
TX02294,CUST0326,926.15,Net Banking,Expired Card,5,3,1,0
TX02295,CUST0467,196.14,Card,None,8,5,0,1
TX02296,CUST0414,438.72,Card,None,8,4,0,1
TX02297,CUST0455,3123.39,Wallet,None,7,5,0,1
TX02298,CUST0586,2345.41,Card,None,19,9,0,1
TX02299,CUST0233,2799.14,UPI,None,7,6,0,1
TX02300,CUST0224,608.45,Card,Insufficient Funds,4,1,1,0
TX02301,CUST0994,688.36,Net Banking,Insufficient Funds,10,9,3,0
TX02302,CUST0831,183.45,Card,None,13,8,0,1
TX02303,CUST0412,2784.81,Card,None,4,1,0,1
TX02304,CUST0572,3283.46,Card,None,19,7,0,1
TX02305,CUST0335,3241.92,Wallet,None,10,8,1,1
TX02306,CUST0222,5453.93,UPI,None,7,3,0,1
TX02307,CUST0037,1672.56,Card,Insufficient Funds,5,4,0,0
TX02308,CUST0989,5202.43,UPI,None,3,0,0,1
TX02309,CUST0278,897.42,Card,None,2,1,1,1
TX02310,CUST0196,187.35,Card,None,11,4,0,1
TX02311,CUST0916,2593.4,UPI,None,10,8,0,1
TX02312,CUST0864,180.57,UPI,Authentication Failure,13,3,0,0
TX02313,CUST0484,1300.11,Card,None,7,1,0,1
TX02314,CUST0242,2850.71,UPI,Expired Card,10,2,0,0
TX02315,CUST0324,1516.65,UPI,None,4,4,2,1
TX02316,CUST0731,10702.61,Net Banking,Network Error,20,9,2,0
TX02317,CUST0192,153.56,UPI,None,16,5,0,1
TX02318,CUST0017,1009.43,Card,None,20,12,1,1
TX02319,CUST0524,1115.94,Net Banking,Network Error,6,4,0,1
TX02320,CUST0918,285.97,UPI,Network Error,9,5,2,1
TX02321,CUST0401,345.94,UPI,Network Error,13,8,2,0
TX02322,CUST0906,471.01,Card,None,7,6,0,1
TX02323,CUST0886,365.17,Card,Expired Card,18,1,0,0
TX02324,CUST0705,984.37,Net Banking,Expired Card,14,9,0,1
TX02325,CUST0022,600.06,Net Banking,None,5,2,1,1
TX02326,CUST0474,1507.05,Card,Authentication Failure,13,2,3,0
TX02327,CUST0120,2099.45,UPI,None,8,0,0,1
TX02328,CUST0210,1962.12,UPI,None,15,3,1,1
TX02329,CUST0306,727.69,UPI,None,19,17,1,1
TX02330,CUST0270,1457.5,UPI,Expired Card,9,5,0,1
TX02331,CUST0704,3087.54,Card,None,6,6,0,1
TX02332,CUST0687,1712.25,Card,None,14,12,0,1
TX02333,CUST0285,7037.28,UPI,None,10,0,1,1
TX02334,CUST0716,2928.3,Net Banking,None,9,7,1,1
TX02335,CUST0676,6114.43,UPI,None,17,8,3,1
TX02336,CUST0763,90.71,UPI,None,13,11,2,1
TX02337,CUST0227,1207.95,Card,Network Error,17,4,0,1
TX02338,CUST0948,793.19,UPI,Expired Card,19,13,0,0
TX02339,CUST0381,967.79,UPI,Bank Timeout,13,7,1,0
TX02340,CUST0460,490.31,UPI,Insufficient Funds,9,7,1,0
TX02341,CUST0007,1629.78,UPI,None,1,1,1,1
TX02342,CUST0029,179.76,Card,None,1,1,0,1
TX02343,CUST0907,1641.62,Net Banking,None,5,0,1,1
TX02344,CUST0033,506.89,UPI,None,8,5,0,1
TX02345,CUST0646,664.88,UPI,Authentication Failure,18,16,0,1
TX02346,CUST0879,1700.2,Card,None,4,0,0,1
TX02347,CUST0079,1186.52,Net Banking,Insufficient Funds,1,0,2,0
TX02348,CUST0928,3146.11,UPI,None,15,8,0,1
TX02349,CUST0947,415.92,UPI,Bank Timeout,20,6,3,0
TX02350,CUST0459,1011.61,Card,None,4,3,1,1
TX02351,CUST0570,2667.17,Card,None,9,2,0,1
TX02352,CUST0983,1573.72,UPI,Network Error,20,8,0,0
TX02353,CUST0538,1678.4,Card,None,10,6,0,1
TX02354,CUST0482,3321.07,UPI,Network Error,15,6,0,0
TX02355,CUST0430,730.52,Card,None,3,2,0,1
TX02356,CUST0738,591.8,Card,None,2,1,1,1
TX02357,CUST0285,1950.62,Net Banking,Authentication Failure,5,2,0,0
TX02358,CUST0516,944.42,Card,None,1,1,0,1
TX02359,CUST0977,3368.44,UPI,Network Error,11,9,0,1
TX02360,CUST0099,1587.27,UPI,None,12,7,0,1
TX02361,CUST0397,587.95,Net Banking,None,3,3,3,1
TX02362,CUST0489,1538.22,UPI,None,16,12,0,1
TX02363,CUST0039,444.66,UPI,None,14,3,1,1
TX02364,CUST0271,2826.88,UPI,None,12,9,0,1
TX02365,CUST0887,271.2,Card,None,20,7,0,1
TX02366,CUST0797,3722.18,Card,None,16,11,0,1
TX02367,CUST0157,1511.53,UPI,None,8,2,1,1
TX02368,CUST0075,930.24,UPI,None,17,11,0,1
TX02369,CUST0884,2352.74,Net Banking,None,17,1,0,1
TX02370,CUST0800,1828.64,Card,None,7,7,1,1
TX02371,CUST0130,4148.0,Card,None,15,7,0,1
TX02372,CUST0687,4109.52,Net Banking,None,9,0,0,1
TX02373,CUST0974,1559.76,Net Banking,None,4,2,0,1
TX02374,CUST0084,458.62,UPI,None,8,1,0,1
TX02375,CUST0022,638.1,Wallet,Expired Card,10,6,3,0
TX02376,CUST0459,1020.81,UPI,Network Error,15,6,0,1
TX02377,CUST0539,3234.8,UPI,None,18,7,0,1
TX02378,CUST0707,694.79,Net Banking,None,14,2,2,1
TX02379,CUST0849,755.26,UPI,Network Error,5,5,2,0
TX02380,CUST0382,6962.9,UPI,None,9,8,0,1
TX02381,CUST0748,988.02,UPI,Bank Timeout,13,4,2,0
TX02382,CUST0440,581.3,Card,Authentication Failure,19,14,0,0
TX02383,CUST0604,2384.26,UPI,None,11,1,2,1
TX02384,CUST0989,1036.77,Card,None,12,8,0,1
TX02385,CUST0021,273.25,Net Banking,Bank Timeout,3,0,0,1
TX02386,CUST0303,3105.45,Card,Authentication Failure,2,2,0,1
TX02387,CUST0976,519.55,UPI,None,15,7,3,1
TX02388,CUST0869,1145.49,Net Banking,None,5,5,0,1
TX02389,CUST0955,1024.4,UPI,None,7,3,0,1
TX02390,CUST0084,1380.36,UPI,None,4,0,1,1
TX02391,CUST0774,122.6,UPI,Network Error,5,5,1,1
TX02392,CUST0659,784.39,Card,Authentication Failure,16,3,1,0
TX02393,CUST0953,3377.32,UPI,None,15,2,1,1
TX02394,CUST0453,3887.2,UPI,Bank Timeout,16,6,1,1
TX02395,CUST0387,406.96,UPI,None,4,1,0,1
TX02396,CUST0507,2753.42,UPI,None,6,5,0,1
TX02397,CUST0257,512.13,Card,None,18,9,0,1
TX02398,CUST0570,754.06,Net Banking,None,3,3,3,1
TX02399,CUST0892,794.74,Card,None,5,3,0,1
TX02400,CUST0934,1222.68,UPI,None,2,2,0,1
TX02401,CUST0527,2985.03,UPI,Bank Timeout,16,14,1,0
TX02402,CUST0162,1428.79,Wallet,Bank Timeout,6,0,0,0
TX02403,CUST0957,966.68,UPI,None,15,2,0,1
TX02404,CUST0163,2885.09,Net Banking,None,18,15,1,1
TX02405,CUST0832,491.44,UPI,None,6,1,0,1
TX02406,CUST0793,1015.14,Net Banking,Expired Card,13,6,1,0
TX02407,CUST0792,2968.41,UPI,None,13,8,0,1
TX02408,CUST0524,1861.81,UPI,None,1,1,0,1
TX02409,CUST0786,687.94,Card,None,16,8,2,1
TX02410,CUST0271,241.54,Card,None,4,3,0,1
TX02411,CUST0492,1496.46,UPI,None,17,0,0,1
TX02412,CUST0208,226.18,Card,Bank Timeout,18,13,2,0
TX02413,CUST0539,886.69,Card,Insufficient Funds,16,10,0,0
TX02414,CUST0584,3565.1,UPI,None,1,1,0,1
TX02415,CUST0060,1991.73,UPI,None,6,5,0,1
TX02416,CUST0430,144.94,Card,None,11,4,0,1
TX02417,CUST0985,1340.04,UPI,Insufficient Funds,6,6,0,0
TX02418,CUST0657,796.98,Card,None,17,6,1,1
TX02419,CUST0605,306.83,UPI,None,4,0,0,1
TX02420,CUST0309,1533.06,UPI,None,14,13,0,1
TX02421,CUST0520,670.66,UPI,None,14,3,0,1
TX02422,CUST0591,674.83,Card,None,20,7,0,1
TX02423,CUST0027,1241.46,UPI,None,8,3,0,1
TX02424,CUST0686,586.47,UPI,None,2,2,0,1
TX02425,CUST0562,1206.81,UPI,None,5,3,3,1
TX02426,CUST0199,605.88,Wallet,None,4,1,0,1
TX02427,CUST0387,640.05,UPI,None,10,7,0,1
TX02428,CUST0349,2959.96,Card,None,20,14,0,1
TX02429,CUST0960,3276.96,UPI,None,3,2,1,1
TX02430,CUST0940,198.61,UPI,None,16,10,2,1
TX02431,CUST0693,2314.79,Card,Authentication Failure,10,2,2,0
TX02432,CUST0536,4440.81,Card,None,15,0,0,1
TX02433,CUST0828,5205.01,Wallet,None,4,4,0,1
TX02434,CUST0378,1845.27,Net Banking,None,1,1,0,1
TX02435,CUST0899,380.92,Card,None,15,4,0,1
TX02436,CUST0916,2059.01,Card,None,10,7,1,1
TX02437,CUST0558,459.78,Card,Network Error,20,14,0,1
TX02438,CUST0527,778.24,UPI,None,18,9,1,1
TX02439,CUST0153,1608.54,Net Banking,None,16,14,2,1
TX02440,CUST0734,490.41,Card,Insufficient Funds,9,1,0,0
TX02441,CUST0206,348.49,Card,Authentication Failure,19,4,1,0
TX02442,CUST0455,1747.21,UPI,Authentication Failure,17,11,0,0
TX02443,CUST0273,7095.56,UPI,Network Error,10,7,0,1
TX02444,CUST0894,3801.82,Net Banking,Insufficient Funds,19,4,0,0
TX02445,CUST0236,2224.27,UPI,None,8,5,0,1
TX02446,CUST0852,2919.55,UPI,None,19,9,0,1
TX02447,CUST0740,2075.01,UPI,None,5,5,0,1
TX02448,CUST0521,1719.69,Net Banking,Network Error,2,0,1,0
TX02449,CUST0678,2693.56,UPI,Authentication Failure,15,10,0,0
TX02450,CUST0944,279.12,Net Banking,None,17,7,2,1
TX02451,CUST0956,1338.74,UPI,None,10,2,1,1
TX02452,CUST0831,1011.36,Net Banking,Network Error,2,1,1,0
TX02453,CUST0726,1186.67,Card,Authentication Failure,9,1,0,0
TX02454,CUST0501,691.34,UPI,None,2,1,0,1
TX02455,CUST0117,1845.47,Card,Expired Card,18,11,1,0
TX02456,CUST0386,483.99,UPI,None,12,9,2,1
TX02457,CUST0344,643.0,UPI,None,15,12,0,1
TX02458,CUST0584,570.28,Net Banking,None,20,20,1,1
TX02459,CUST0395,2601.77,UPI,None,6,4,0,1
TX02460,CUST0064,1083.85,UPI,None,18,17,1,1
TX02461,CUST0717,691.71,UPI,Network Error,13,10,0,1
TX02462,CUST0721,754.89,UPI,Network Error,4,4,0,1
TX02463,CUST0072,1100.9,Net Banking,Network Error,12,11,0,1
TX02464,CUST0789,5553.45,UPI,None,9,9,0,1
TX02465,CUST0274,318.45,Wallet,None,2,0,0,1
TX02466,CUST0990,2154.92,Net Banking,None,16,11,2,1
TX02467,CUST0320,1757.88,UPI,None,1,0,0,1
TX02468,CUST0338,453.52,UPI,None,4,4,0,1
TX02469,CUST0366,4754.63,Net Banking,None,15,9,1,1
TX02470,CUST0495,1880.48,UPI,None,20,20,2,1
TX02471,CUST0607,660.02,UPI,Network Error,1,0,0,1
TX02472,CUST0166,170.82,UPI,None,20,19,2,1
TX02473,CUST0544,1379.05,Card,Authentication Failure,15,9,0,0
TX02474,CUST0011,1048.65,Card,None,3,1,0,1
TX02475,CUST0301,391.23,UPI,Expired Card,13,6,1,0
TX02476,CUST0729,386.21,UPI,None,18,10,3,1
TX02477,CUST0801,2613.67,Net Banking,None,13,11,0,1
TX02478,CUST0102,155.14,Card,None,10,7,0,1
TX02479,CUST0425,1501.59,Card,Insufficient Funds,20,20,0,0
TX02480,CUST0392,909.2,Card,None,7,7,0,1
TX02481,CUST0779,1802.91,UPI,None,8,6,3,1
TX02482,CUST0214,817.05,Card,Insufficient Funds,1,1,1,0
TX02483,CUST0691,1470.38,UPI,None,18,15,1,1
TX02484,CUST0088,521.77,UPI,None,12,3,0,1
TX02485,CUST0553,1043.98,Card,None,18,8,0,1
TX02486,CUST0401,1788.41,UPI,None,12,4,0,1
TX02487,CUST0588,1275.22,Wallet,None,20,2,0,1
TX02488,CUST0889,1604.08,UPI,None,9,4,1,1
TX02489,CUST0046,433.58,Net Banking,None,2,0,0,1
TX02490,CUST0672,607.48,Net Banking,None,14,12,0,1
TX02491,CUST0463,618.11,UPI,Network Error,4,4,2,1
TX02492,CUST0592,831.73,Card,None,15,10,1,1
TX02493,CUST0310,4266.64,UPI,None,17,7,0,1
TX02494,CUST0086,769.56,Net Banking,None,19,16,2,1
TX02495,CUST0092,349.48,Card,None,6,4,0,1
TX02496,CUST0660,1884.93,Card,None,9,5,1,1
TX02497,CUST0673,4216.01,Card,None,17,1,0,1
TX02498,CUST0714,310.69,UPI,None,15,13,0,1
TX02499,CUST0936,7885.74,UPI,Authentication Failure,5,5,1,1
TX02500,CUST0928,1661.0,UPI,None,18,13,0,1
TX02501,CUST0242,3083.72,Card,None,4,0,0,1
TX02502,CUST0865,4755.57,Card,None,2,1,0,1
TX02503,CUST0002,2900.44,Card,None,19,3,0,1
TX02504,CUST0225,981.88,UPI,Insufficient Funds,5,2,1,0
TX02505,CUST0801,3705.96,Card,None,4,0,0,1
TX02506,CUST0745,1414.6,UPI,None,5,1,0,1
TX02507,CUST0973,3263.27,Net Banking,None,19,11,2,1
TX02508,CUST0926,3640.5,Wallet,None,13,8,0,1
TX02509,CUST0929,368.38,UPI,None,16,12,0,1
TX02510,CUST0589,2426.73,UPI,None,12,10,0,1
TX02511,CUST0116,914.25,UPI,None,9,9,0,1
TX02512,CUST0666,1259.15,Card,None,16,2,0,1
TX02513,CUST0918,1245.25,Card,None,14,12,1,1
TX02514,CUST0103,1196.28,Card,None,1,0,1,1
TX02515,CUST0194,5031.76,UPI,None,20,17,2,1
TX02516,CUST0166,279.65,Card,None,4,0,1,1
TX02517,CUST0871,195.91,Card,Expired Card,9,8,2,1
TX02518,CUST0090,158.65,UPI,None,19,5,3,1
TX02519,CUST0686,3194.37,Card,Authentication Failure,14,8,1,0
TX02520,CUST0122,506.01,UPI,None,12,11,2,1
TX02521,CUST0143,1251.61,Card,Bank Timeout,4,2,1,0
TX02522,CUST0994,977.78,Net Banking,None,7,2,0,1
TX02523,CUST0106,451.97,UPI,None,17,2,0,1
TX02524,CUST0887,2569.53,Net Banking,Insufficient Funds,1,1,0,0
TX02525,CUST0428,965.39,Card,Insufficient Funds,14,12,2,0
TX02526,CUST0305,864.6,UPI,None,15,10,1,1
TX02527,CUST0872,1384.19,Card,None,12,5,1,1
TX02528,CUST0971,2254.7,Card,None,12,2,0,1
TX02529,CUST0317,420.32,UPI,Insufficient Funds,6,4,0,1
TX02530,CUST0963,2625.22,UPI,None,13,12,0,1
TX02531,CUST0635,4674.39,UPI,None,16,4,2,1
TX02532,CUST0902,263.45,UPI,Network Error,14,9,2,0
TX02533,CUST0009,1448.52,UPI,Network Error,7,2,1,1
TX02534,CUST0774,808.42,UPI,None,16,16,0,1
TX02535,CUST0073,2206.65,UPI,None,9,5,0,1
TX02536,CUST0359,324.84,Net Banking,Expired Card,14,2,0,0
TX02537,CUST0223,5591.14,UPI,None,7,6,0,1
TX02538,CUST0416,219.67,Card,Network Error,12,0,1,0
TX02539,CUST0553,858.96,Card,None,3,0,0,1
TX02540,CUST0370,1693.07,Card,None,14,13,0,1
TX02541,CUST0716,552.06,UPI,None,19,15,0,1
TX02542,CUST0264,471.82,Net Banking,None,11,8,0,1
TX02543,CUST0840,1369.55,Card,Network Error,5,2,0,0
TX02544,CUST0690,1185.31,Net Banking,None,13,0,3,1
TX02545,CUST0860,1103.16,UPI,None,10,4,0,1
TX02546,CUST0318,2588.12,UPI,None,7,4,1,1
TX02547,CUST0084,739.17,Card,None,17,14,0,1
TX02548,CUST0318,1509.59,UPI,None,16,15,1,1
TX02549,CUST0111,660.76,Card,None,8,0,0,1
TX02550,CUST0251,469.03,UPI,None,17,5,1,1
TX02551,CUST0383,824.88,Card,Network Error,13,6,0,0
TX02552,CUST0007,665.96,Wallet,Bank Timeout,11,10,0,1
TX02553,CUST0459,700.08,Card,None,20,10,0,1
TX02554,CUST0084,3516.87,Net Banking,None,18,15,2,1
TX02555,CUST0208,850.56,Card,None,5,1,0,1
TX02556,CUST0900,565.15,Card,None,6,2,1,1
TX02557,CUST0390,1127.86,Net Banking,Network Error,20,16,1,1
TX02558,CUST0314,1217.1,Net Banking,None,14,12,0,1
TX02559,CUST0022,334.66,Card,None,12,5,0,1
TX02560,CUST0410,813.7,UPI,None,4,4,0,1
TX02561,CUST0895,781.58,Card,None,7,5,0,1
TX02562,CUST0515,923.21,UPI,None,11,9,0,1
TX02563,CUST0127,2265.45,UPI,None,20,1,2,1
TX02564,CUST0809,1257.24,Card,None,2,1,1,1
TX02565,CUST0700,3744.1,Net Banking,Authentication Failure,4,0,1,0
TX02566,CUST0874,1083.92,Net Banking,Bank Timeout,7,0,0,0
TX02567,CUST0014,6477.48,UPI,Insufficient Funds,1,1,1,0
TX02568,CUST0971,691.75,UPI,Insufficient Funds,15,12,0,0
TX02569,CUST0978,507.98,Net Banking,None,20,10,0,1
TX02570,CUST0012,1895.62,UPI,Insufficient Funds,8,6,1,0
TX02571,CUST0087,4290.17,Card,None,5,5,1,1
TX02572,CUST0524,276.22,UPI,None,14,5,0,1
TX02573,CUST0909,900.55,UPI,Bank Timeout,18,1,1,0
TX02574,CUST0537,595.39,Wallet,None,3,3,0,1
TX02575,CUST0301,1265.03,UPI,Expired Card,2,1,2,0
TX02576,CUST0243,1107.67,UPI,None,16,3,0,1
TX02577,CUST0122,4210.69,UPI,Network Error,14,9,0,0
TX02578,CUST0147,983.97,Net Banking,None,16,13,1,1
TX02579,CUST0567,4336.33,Net Banking,None,11,5,1,1
TX02580,CUST0750,800.23,UPI,None,17,12,0,1
TX02581,CUST0356,2769.67,UPI,Bank Timeout,3,0,1,0
TX02582,CUST0685,1378.38,Card,None,5,4,2,1
TX02583,CUST0904,6185.02,UPI,None,3,3,1,1
TX02584,CUST0733,250.38,Card,None,15,11,1,1
TX02585,CUST0631,342.46,UPI,None,5,5,1,1
TX02586,CUST0309,6847.39,UPI,None,3,1,2,1
TX02587,CUST0695,526.75,Card,None,6,5,0,1
TX02588,CUST0288,561.27,UPI,Network Error,14,13,1,0
TX02589,CUST0307,456.81,Net Banking,None,2,1,0,1
TX02590,CUST0812,3458.0,UPI,None,18,7,0,1
TX02591,CUST0594,313.11,UPI,None,6,6,0,1
TX02592,CUST0966,1121.53,Wallet,None,5,0,0,1
TX02593,CUST0914,840.82,UPI,None,14,4,0,1
TX02594,CUST0723,3091.82,Card,Bank Timeout,17,10,2,0
TX02595,CUST0662,624.1,UPI,None,11,9,0,1
TX02596,CUST0549,1661.16,Card,None,1,1,0,1
TX02597,CUST0352,339.94,Card,None,10,9,0,1
TX02598,CUST0312,10656.67,UPI,None,9,4,0,1
TX02599,CUST0873,862.99,Net Banking,None,20,13,0,1
TX02600,CUST0059,1106.29,Card,None,12,8,0,1
TX02601,CUST0643,5737.36,UPI,Bank Timeout,1,0,2,0
TX02602,CUST0924,609.92,Card,None,18,6,0,1
TX02603,CUST0714,5810.27,Card,None,12,9,0,1
TX02604,CUST0755,726.71,UPI,None,2,2,0,1
TX02605,CUST0035,2146.72,UPI,None,1,1,0,1
TX02606,CUST0445,618.51,UPI,Expired Card,1,1,0,0
TX02607,CUST0093,282.58,UPI,None,1,1,0,1
TX02608,CUST0950,1660.04,Card,Expired Card,12,2,0,0
TX02609,CUST0959,2079.54,Card,None,7,6,1,1
TX02610,CUST0207,294.16,Net Banking,None,4,0,0,1
TX02611,CUST0353,806.69,UPI,None,20,14,1,1
TX02612,CUST0903,3643.71,UPI,None,4,0,0,1
TX02613,CUST0332,1998.43,Card,None,15,14,2,1
TX02614,CUST0817,738.62,Card,None,1,0,0,1
TX02615,CUST0862,603.34,Card,None,6,6,3,1
TX02616,CUST0725,7694.37,UPI,None,14,9,0,1
TX02617,CUST0159,258.03,UPI,None,14,11,2,1
TX02618,CUST0954,1033.6,UPI,None,10,7,1,1
TX02619,CUST0957,253.48,Wallet,Insufficient Funds,7,1,0,0
TX02620,CUST0024,4083.93,UPI,None,12,4,3,1
TX02621,CUST0404,1088.85,Net Banking,Network Error,19,15,0,1
TX02622,CUST0805,1310.51,Card,None,9,2,1,1
TX02623,CUST0516,17481.39,UPI,None,3,0,2,1
TX02624,CUST0732,605.79,Card,None,4,4,0,1
TX02625,CUST0364,6301.71,Net Banking,None,13,5,0,1
TX02626,CUST0382,741.94,Net Banking,None,10,8,0,1
TX02627,CUST0532,868.26,UPI,None,14,1,1,1
TX02628,CUST0956,15339.33,UPI,None,6,0,2,1
TX02629,CUST0152,933.47,UPI,None,8,7,1,1
TX02630,CUST0562,277.45,UPI,Insufficient Funds,19,4,0,0
TX02631,CUST0689,1453.77,Card,None,10,1,1,1
TX02632,CUST0947,922.66,Net Banking,None,5,1,3,1
TX02633,CUST0608,1583.03,UPI,None,5,1,0,1
TX02634,CUST0617,959.49,Card,Insufficient Funds,5,5,0,1
TX02635,CUST0420,10052.18,Card,None,9,6,0,1
TX02636,CUST0250,1913.59,UPI,None,9,2,2,1
TX02637,CUST0117,374.29,UPI,Authentication Failure,15,13,0,0
TX02638,CUST0866,1242.09,Card,Network Error,9,5,2,0
TX02639,CUST0512,492.93,Net Banking,None,14,5,3,1
TX02640,CUST0740,856.01,Card,None,6,0,0,1
TX02641,CUST0578,441.23,UPI,Bank Timeout,20,19,0,1
TX02642,CUST0335,9019.27,UPI,Bank Timeout,8,0,0,0
TX02643,CUST0418,549.28,UPI,None,2,1,0,1
TX02644,CUST0932,2181.06,Card,None,5,2,0,1
TX02645,CUST0774,793.55,Card,None,17,5,1,1
TX02646,CUST0295,344.33,UPI,None,10,0,0,1
TX02647,CUST0938,1336.29,Net Banking,None,14,6,3,1
TX02648,CUST0755,1637.12,Card,None,18,12,0,1
TX02649,CUST0371,1917.21,Card,Expired Card,1,0,0,0
TX02650,CUST0186,79.66,Wallet,Network Error,2,1,1,1
TX02651,CUST0246,318.99,UPI,None,4,0,0,1
TX02652,CUST0637,2857.08,Net Banking,None,13,4,0,1
TX02653,CUST0268,435.46,UPI,None,16,15,1,1
TX02654,CUST0643,1343.38,UPI,None,5,0,2,1
TX02655,CUST0237,311.68,Net Banking,None,10,0,0,1
TX02656,CUST0530,2279.25,Net Banking,None,17,15,0,1
TX02657,CUST0552,2782.96,Card,None,11,5,3,1
TX02658,CUST0021,2279.95,Card,None,5,0,0,1
TX02659,CUST0911,3079.61,Card,Bank Timeout,15,1,0,0
TX02660,CUST0737,5239.07,Net Banking,None,4,4,1,1
TX02661,CUST0867,338.97,UPI,None,7,7,0,1
TX02662,CUST0794,498.36,Net Banking,Network Error,10,10,0,1
TX02663,CUST0520,2690.66,Card,None,4,3,0,1
TX02664,CUST0100,3395.55,Card,None,20,14,2,1
TX02665,CUST0752,558.72,UPI,None,5,5,1,1
TX02666,CUST0478,521.19,Card,Expired Card,5,4,0,0
TX02667,CUST0599,571.23,Net Banking,None,11,9,0,1
TX02668,CUST0298,220.28,Card,None,19,4,1,1
TX02669,CUST0940,307.53,Wallet,None,5,2,0,1
TX02670,CUST0526,315.04,UPI,None,8,5,0,1
TX02671,CUST0334,817.21,Card,None,7,4,0,1
TX02672,CUST0002,1437.75,Net Banking,None,8,1,0,1
TX02673,CUST0375,1691.67,Card,Expired Card,13,13,0,1
TX02674,CUST0293,659.47,Card,Authentication Failure,5,1,0,1
TX02675,CUST0837,675.88,Card,None,18,3,0,1
TX02676,CUST0934,1240.99,Net Banking,None,9,3,1,1
TX02677,CUST0553,245.67,Net Banking,None,2,2,0,1
TX02678,CUST0318,2862.47,UPI,Bank Timeout,16,14,1,0
TX02679,CUST0502,3965.49,Net Banking,None,14,6,0,1
TX02680,CUST0828,586.64,UPI,None,17,8,0,1
TX02681,CUST0381,736.25,UPI,Network Error,6,6,0,1
TX02682,CUST0623,3802.11,Net Banking,Network Error,3,1,0,0
TX02683,CUST0014,969.66,UPI,None,17,11,1,1
TX02684,CUST0504,1974.85,Net Banking,Insufficient Funds,13,1,1,0
TX02685,CUST0231,999.94,UPI,Insufficient Funds,6,5,0,1
TX02686,CUST0985,5199.45,UPI,None,8,1,1,1
TX02687,CUST0084,1790.19,Card,None,6,0,0,1
TX02688,CUST0130,1896.29,UPI,Expired Card,16,5,2,0
TX02689,CUST0743,1931.99,Card,None,6,3,2,1
TX02690,CUST0838,629.48,UPI,None,17,14,0,1
TX02691,CUST0145,690.05,UPI,None,3,2,0,1
TX02692,CUST0891,2366.69,UPI,Insufficient Funds,12,4,1,0
TX02693,CUST0857,1244.41,UPI,Network Error,6,3,0,0
TX02694,CUST0028,337.78,Card,None,7,7,2,1
TX02695,CUST0066,7137.4,UPI,Expired Card,11,0,1,0
TX02696,CUST0163,2916.3,Card,Network Error,9,4,1,1
TX02697,CUST0229,1138.68,Net Banking,Insufficient Funds,16,9,0,1
TX02698,CUST0261,834.22,Card,None,5,3,0,1
TX02699,CUST0449,1337.66,Net Banking,None,15,4,0,1
TX02700,CUST0424,1840.0,UPI,None,4,3,0,1
TX02701,CUST0460,143.6,UPI,None,5,1,0,1
TX02702,CUST0952,9066.57,Net Banking,None,7,5,3,1
TX02703,CUST0676,497.76,Card,Bank Timeout,3,3,0,1
TX02704,CUST0301,1094.55,Card,None,4,0,2,1
TX02705,CUST0919,1135.54,Card,Insufficient Funds,15,12,1,0
TX02706,CUST0303,8077.6,UPI,None,2,0,1,1
TX02707,CUST0287,1004.13,UPI,None,5,4,0,1
TX02708,CUST0395,5369.59,Card,None,7,3,0,1
TX02709,CUST0010,1647.03,Card,None,17,11,0,1
TX02710,CUST0707,419.1,Card,None,8,6,3,1
TX02711,CUST0630,1254.77,Net Banking,Bank Timeout,9,5,2,0
TX02712,CUST0270,974.08,UPI,None,10,9,0,1
TX02713,CUST0592,370.9,UPI,None,11,2,0,1
TX02714,CUST0970,1568.26,Net Banking,None,1,1,0,1
TX02715,CUST0605,1121.14,Card,None,15,1,0,1
TX02716,CUST0778,1912.99,Card,None,8,3,1,1
TX02717,CUST0844,1330.56,UPI,None,19,8,1,1
TX02718,CUST0862,571.86,UPI,None,12,9,1,1
TX02719,CUST0361,2364.53,Card,Network Error,6,4,1,0
TX02720,CUST0257,587.34,UPI,None,10,0,0,1
TX02721,CUST0133,49.42,Net Banking,Network Error,5,2,0,1
TX02722,CUST0276,1247.2,Net Banking,None,7,2,1,1
TX02723,CUST0776,630.13,Net Banking,Expired Card,7,7,2,0
TX02724,CUST0683,1607.01,UPI,None,9,8,0,1
TX02725,CUST0972,8093.95,Card,None,15,6,0,1
TX02726,CUST0513,8331.01,UPI,None,6,2,0,1
TX02727,CUST0313,929.71,UPI,Expired Card,16,0,1,0
TX02728,CUST0576,479.86,UPI,None,7,3,0,1
TX02729,CUST0886,1967.82,UPI,None,15,8,1,1
TX02730,CUST0980,757.31,Net Banking,None,2,2,0,1
TX02731,CUST0284,1622.59,UPI,None,8,4,1,1
TX02732,CUST0121,566.31,UPI,None,12,12,0,1
TX02733,CUST0107,1409.08,Wallet,None,11,10,0,1
TX02734,CUST0933,486.88,UPI,None,6,5,0,1
TX02735,CUST0687,3584.07,Card,None,20,16,0,1
TX02736,CUST0997,607.91,UPI,None,13,6,1,1
TX02737,CUST0204,2124.1,UPI,None,16,11,1,1
TX02738,CUST0165,309.59,Net Banking,None,8,4,0,1
TX02739,CUST0305,2395.08,UPI,Authentication Failure,17,4,0,0
TX02740,CUST0497,417.22,Card,None,13,7,0,1
TX02741,CUST0632,1423.93,UPI,Bank Timeout,4,1,1,0
TX02742,CUST0556,3050.93,UPI,None,20,16,0,1
TX02743,CUST0824,897.86,UPI,Insufficient Funds,10,1,2,0
TX02744,CUST0156,391.83,UPI,None,20,2,0,1
TX02745,CUST0367,1802.29,UPI,None,16,14,0,1
TX02746,CUST0719,472.96,Card,None,17,4,0,1
TX02747,CUST0902,731.98,Card,Network Error,8,5,0,0
TX02748,CUST0620,1430.05,UPI,None,11,0,0,1
TX02749,CUST0251,4275.58,UPI,None,5,5,0,1
TX02750,CUST0957,1126.14,Net Banking,None,16,0,0,1
TX02751,CUST0916,1121.99,Net Banking,None,8,8,1,1
TX02752,CUST0882,2292.76,Card,None,16,4,0,1
TX02753,CUST0334,1153.29,Net Banking,None,4,3,0,1
TX02754,CUST0642,2070.47,UPI,None,6,5,1,1
TX02755,CUST0969,3224.5,UPI,None,8,0,2,1
TX02756,CUST0511,790.18,Card,Bank Timeout,9,2,0,1
TX02757,CUST0293,41.47,Card,None,13,12,1,1
TX02758,CUST0020,483.99,Card,None,17,10,1,1
TX02759,CUST0282,3672.7,UPI,Bank Timeout,9,4,3,0
TX02760,CUST0797,1060.22,Wallet,None,13,13,0,1
TX02761,CUST0001,781.23,Net Banking,None,9,9,3,1
TX02762,CUST0119,3522.0,UPI,Insufficient Funds,6,3,0,0
TX02763,CUST0035,990.96,Card,None,10,4,0,1
TX02764,CUST0198,135.3,UPI,None,5,1,0,1
TX02765,CUST0485,243.4,UPI,Expired Card,7,7,0,0
TX02766,CUST0757,1666.78,UPI,Authentication Failure,11,2,1,0
TX02767,CUST0059,1025.68,UPI,None,9,6,0,1
TX02768,CUST0837,4696.89,UPI,None,10,5,0,1
TX02769,CUST0161,526.75,Net Banking,None,11,9,0,1
TX02770,CUST0691,804.72,UPI,None,3,2,0,1
TX02771,CUST0206,452.82,Card,None,8,5,0,1
TX02772,CUST0012,651.58,UPI,None,17,9,0,1
TX02773,CUST0490,165.36,UPI,Authentication Failure,7,0,0,0
TX02774,CUST0276,745.69,Net Banking,Insufficient Funds,12,6,0,0
TX02775,CUST0693,1041.2,Card,None,16,12,0,1
TX02776,CUST0242,956.87,Wallet,None,15,10,1,1
TX02777,CUST0216,9410.24,Wallet,None,13,6,0,1
TX02778,CUST0251,6860.15,UPI,None,18,10,0,1
TX02779,CUST0811,517.55,UPI,None,18,13,0,1
TX02780,CUST0126,142.03,Net Banking,Network Error,5,0,0,0
TX02781,CUST0994,993.07,Wallet,None,14,0,0,1
TX02782,CUST0217,1598.0,Card,Insufficient Funds,11,8,2,0
TX02783,CUST0306,463.83,Card,None,3,0,1,1
TX02784,CUST0797,487.37,Card,None,17,9,1,1
TX02785,CUST0185,5337.73,UPI,None,12,2,0,1
TX02786,CUST0039,847.63,Card,None,3,2,0,1
TX02787,CUST0223,2126.54,Net Banking,Insufficient Funds,2,2,0,1
TX02788,CUST0184,432.55,Card,Network Error,4,2,2,0
TX02789,CUST0495,1035.93,UPI,None,18,16,2,1
TX02790,CUST0427,783.41,UPI,None,20,18,0,1
TX02791,CUST0178,558.15,UPI,None,14,12,0,1
TX02792,CUST0919,3481.79,UPI,Expired Card,8,5,0,1
TX02793,CUST0428,273.45,Net Banking,Network Error,2,2,0,1
TX02794,CUST0294,1480.38,UPI,None,19,15,1,1
TX02795,CUST0852,768.84,UPI,None,10,3,0,1
TX02796,CUST0151,1660.42,UPI,None,5,0,0,1
TX02797,CUST0384,779.32,Card,None,11,6,1,1
TX02798,CUST0638,2610.23,Card,None,9,0,0,1
TX02799,CUST0813,428.5,UPI,None,16,15,0,1
TX02800,CUST0308,3489.64,UPI,Authentication Failure,5,5,0,0
TX02801,CUST0336,1065.5,UPI,None,15,1,0,1
TX02802,CUST0946,290.47,Card,None,14,0,0,1
TX02803,CUST0746,2165.09,UPI,Insufficient Funds,9,8,0,0
TX02804,CUST0892,898.88,Net Banking,None,20,3,1,1
TX02805,CUST0375,198.77,Card,None,5,1,1,1
TX02806,CUST0008,1529.15,UPI,None,15,13,0,1
TX02807,CUST0341,3000.68,Card,None,9,7,1,1
TX02808,CUST0129,3952.63,UPI,None,4,4,0,1
TX02809,CUST0776,751.18,Card,None,4,4,1,1
TX02810,CUST0669,1268.15,UPI,Network Error,20,4,0,0
TX02811,CUST0352,1153.48,Card,None,7,2,0,1
TX02812,CUST0358,4864.91,Card,Bank Timeout,15,4,0,0
TX02813,CUST0517,487.61,Net Banking,None,17,2,0,1
TX02814,CUST0495,689.07,UPI,Bank Timeout,18,5,2,0
TX02815,CUST0086,475.93,UPI,None,7,5,0,1
TX02816,CUST0175,257.46,Card,None,19,0,0,1
TX02817,CUST0802,1404.99,Net Banking,None,10,7,0,1
TX02818,CUST0193,5438.72,Net Banking,None,13,12,0,1
TX02819,CUST0311,899.21,UPI,None,2,1,2,1
TX02820,CUST0119,454.0,UPI,Insufficient Funds,20,17,2,0
TX02821,CUST0218,1321.95,Card,None,11,1,0,1
TX02822,CUST0427,1976.57,UPI,None,5,5,0,1
TX02823,CUST0970,937.89,UPI,None,6,0,0,1
TX02824,CUST0414,4462.82,UPI,Network Error,3,3,0,1
TX02825,CUST0114,486.7,Card,None,1,0,0,1
TX02826,CUST0978,823.06,Net Banking,Authentication Failure,3,1,0,0
TX02827,CUST0145,1474.37,Wallet,Expired Card,3,3,1,0
TX02828,CUST0538,1624.51,UPI,None,4,1,0,1
TX02829,CUST0648,1149.67,Card,None,7,6,0,1
TX02830,CUST0303,305.39,Net Banking,Network Error,15,0,0,0
TX02831,CUST0744,11361.79,UPI,None,11,8,1,1
TX02832,CUST0881,866.13,Card,None,18,16,0,1
TX02833,CUST0588,1224.48,UPI,Authentication Failure,12,3,0,0
TX02834,CUST0987,2031.97,UPI,Authentication Failure,4,0,0,0
TX02835,CUST0840,580.27,UPI,Authentication Failure,11,0,0,0
TX02836,CUST0345,1160.87,UPI,None,6,0,0,1
TX02837,CUST0814,557.14,Card,None,19,13,3,1
TX02838,CUST0964,1661.62,UPI,None,18,4,1,1
TX02839,CUST0801,832.12,UPI,None,15,5,1,1
TX02840,CUST0001,1434.71,UPI,None,3,0,2,1
TX02841,CUST0147,385.08,Net Banking,None,17,3,1,1
TX02842,CUST0287,478.7,Card,None,1,1,1,1
TX02843,CUST0976,280.02,Card,Network Error,2,1,0,1
TX02844,CUST0654,538.87,Card,Network Error,19,13,0,1
TX02845,CUST0053,83.64,UPI,Bank Timeout,9,3,0,0
TX02846,CUST0304,806.66,UPI,None,8,7,0,1
TX02847,CUST0069,642.75,Card,None,12,7,0,1
TX02848,CUST0361,1275.27,UPI,Bank Timeout,15,8,1,1
TX02849,CUST0602,1146.66,UPI,None,7,2,0,1
TX02850,CUST0958,3854.82,Card,None,16,9,1,1
TX02851,CUST0220,14681.01,UPI,None,7,6,1,1
TX02852,CUST0962,3420.49,UPI,None,20,18,0,1
TX02853,CUST0704,697.07,Card,None,12,1,0,1
TX02854,CUST0966,669.55,UPI,Insufficient Funds,17,1,0,0
TX02855,CUST0575,2614.07,Card,Authentication Failure,11,8,0,0
TX02856,CUST0585,203.7,Card,None,4,3,0,1
TX02857,CUST0161,800.15,Card,None,19,4,1,1
TX02858,CUST0681,864.24,Card,Bank Timeout,2,1,0,0
TX02859,CUST0089,1966.74,UPI,None,2,0,1,1
TX02860,CUST0688,2026.1,UPI,None,17,6,2,1
TX02861,CUST0781,520.84,UPI,Insufficient Funds,9,2,0,0
TX02862,CUST0585,724.61,UPI,Bank Timeout,1,1,1,0
TX02863,CUST0757,1711.46,Wallet,Insufficient Funds,10,6,0,0
TX02864,CUST0589,493.28,Net Banking,None,15,15,1,1
TX02865,CUST0159,3663.3,UPI,None,15,13,0,1
TX02866,CUST0489,2016.61,UPI,Insufficient Funds,2,1,1,0
TX02867,CUST0971,1301.81,UPI,None,14,9,0,1
TX02868,CUST0324,1621.23,UPI,Bank Timeout,4,2,2,0
TX02869,CUST0610,687.53,UPI,None,18,12,0,1
TX02870,CUST0381,586.23,Card,Bank Timeout,9,7,0,0
TX02871,CUST0102,717.14,Net Banking,None,2,1,0,1
TX02872,CUST0494,1807.98,Card,None,2,0,1,1
TX02873,CUST0644,1340.79,UPI,None,18,10,1,1
TX02874,CUST0614,718.59,UPI,None,17,8,3,1
TX02875,CUST0019,2320.6,Card,None,9,9,1,1
TX02876,CUST0454,921.55,Net Banking,None,8,5,0,1
TX02877,CUST0482,548.23,Net Banking,Insufficient Funds,2,2,0,0
TX02878,CUST0594,1414.23,Net Banking,None,2,2,0,1
TX02879,CUST0397,398.21,Card,None,5,5,3,1
TX02880,CUST0279,202.91,Card,None,12,0,2,1
TX02881,CUST0851,1091.05,UPI,Authentication Failure,16,14,0,0
TX02882,CUST0365,568.26,Card,None,14,14,1,1
TX02883,CUST0331,850.52,UPI,None,20,4,1,1
TX02884,CUST0641,417.08,UPI,Bank Timeout,2,1,0,0
TX02885,CUST0344,3673.62,Card,None,8,7,1,1
TX02886,CUST0822,565.95,UPI,None,4,2,0,1
TX02887,CUST0455,711.94,UPI,None,20,0,2,1
TX02888,CUST0601,1600.2,UPI,Network Error,9,6,0,1
TX02889,CUST0725,276.83,UPI,None,20,9,0,1
TX02890,CUST0655,257.1,UPI,Insufficient Funds,19,19,0,0
TX02891,CUST0065,1605.12,UPI,Insufficient Funds,2,2,0,1
TX02892,CUST0076,702.79,UPI,None,16,6,0,1
TX02893,CUST0711,445.19,UPI,Network Error,11,8,1,0
TX02894,CUST0143,2004.95,Wallet,None,8,0,0,1
TX02895,CUST0917,486.91,UPI,None,12,11,1,1
TX02896,CUST0915,833.38,UPI,None,3,1,0,1
TX02897,CUST0828,447.59,Card,Insufficient Funds,13,8,2,0
TX02898,CUST0605,1485.4,Net Banking,None,2,2,0,1
TX02899,CUST0473,4155.04,Card,None,13,1,0,1
TX02900,CUST0417,170.54,UPI,None,8,7,0,1
TX02901,CUST0305,1227.41,Card,None,15,7,0,1
TX02902,CUST0736,2582.69,Card,None,9,2,0,1
TX02903,CUST0497,719.48,Card,None,11,7,2,1
TX02904,CUST0291,353.88,Card,None,3,2,0,1
TX02905,CUST0940,1670.64,Net Banking,None,7,2,0,1
TX02906,CUST0102,2985.89,Net Banking,None,14,5,1,1
TX02907,CUST0986,2671.84,Card,None,15,9,0,1
TX02908,CUST0267,1581.15,UPI,Insufficient Funds,9,8,1,0
TX02909,CUST0867,1209.44,Card,Authentication Failure,20,9,2,0
TX02910,CUST0968,446.3,Net Banking,None,11,5,1,1
TX02911,CUST0622,2605.15,UPI,None,7,7,0,1
TX02912,CUST0974,2465.02,Wallet,Expired Card,12,1,0,0
TX02913,CUST0842,351.41,UPI,Network Error,19,16,0,1
TX02914,CUST0962,1578.89,Card,None,18,9,0,1
TX02915,CUST0942,2106.59,Net Banking,None,13,1,0,1
TX02916,CUST0777,2649.47,UPI,None,11,11,2,1
TX02917,CUST0003,1017.4,Card,None,1,1,0,1
TX02918,CUST0085,465.18,UPI,None,6,1,0,1
TX02919,CUST0794,663.74,UPI,Insufficient Funds,2,0,0,0
TX02920,CUST0328,400.51,UPI,None,13,6,0,1
TX02921,CUST0816,1042.04,UPI,None,13,8,0,1
TX02922,CUST0450,856.72,UPI,Bank Timeout,19,5,2,0
TX02923,CUST0454,9367.83,Wallet,Bank Timeout,9,9,0,1
TX02924,CUST0924,2682.96,Wallet,Insufficient Funds,19,6,2,0
TX02925,CUST0629,2891.55,UPI,Expired Card,1,0,1,0
TX02926,CUST0221,1756.98,Card,None,8,1,3,1
TX02927,CUST0154,759.52,UPI,Authentication Failure,14,10,0,1
TX02928,CUST0665,832.65,UPI,Network Error,16,0,0,0
TX02929,CUST0012,912.45,UPI,None,4,4,0,1
TX02930,CUST0133,1323.76,Wallet,None,18,18,2,1
TX02931,CUST0994,1618.36,Net Banking,None,14,6,1,1
TX02932,CUST0304,1097.41,UPI,Insufficient Funds,9,4,1,0
TX02933,CUST0293,820.08,UPI,None,15,11,0,1
TX02934,CUST0975,605.4,UPI,None,3,1,0,1
TX02935,CUST0300,272.42,Card,None,4,4,0,1
TX02936,CUST0740,3957.55,Card,None,18,5,0,1
TX02937,CUST0783,9952.01,UPI,None,14,5,0,1
TX02938,CUST0043,3638.54,Card,None,15,6,0,1
TX02939,CUST0944,311.36,UPI,Bank Timeout,8,6,1,0
TX02940,CUST0343,2409.12,Net Banking,None,10,3,2,1
TX02941,CUST0326,3052.68,Card,None,12,9,1,1
TX02942,CUST0814,732.57,UPI,None,9,9,1,1
TX02943,CUST0498,1788.13,Card,None,8,7,3,1
TX02944,CUST0364,694.85,Net Banking,None,17,12,0,1
TX02945,CUST0891,5059.02,UPI,None,9,7,0,1
TX02946,CUST0427,1580.3,UPI,None,13,6,1,1
TX02947,CUST0021,438.27,Net Banking,None,14,0,0,1
TX02948,CUST0407,2142.67,UPI,None,5,3,0,1
TX02949,CUST0619,3161.43,UPI,None,9,6,0,1
TX02950,CUST0336,1336.93,Card,None,16,15,0,1
TX02951,CUST0815,1771.25,Net Banking,None,19,1,0,1
TX02952,CUST0117,1022.75,Card,None,7,6,0,1
TX02953,CUST0124,352.74,Net Banking,Bank Timeout,12,4,0,0
TX02954,CUST0399,942.25,Card,Network Error,2,0,0,1
TX02955,CUST0793,1850.18,UPI,None,18,13,2,1
TX02956,CUST0804,964.85,Card,None,18,13,3,1
TX02957,CUST0715,2442.47,Card,None,16,7,1,1
TX02958,CUST0051,740.87,UPI,None,11,9,3,1
TX02959,CUST0783,791.09,UPI,Insufficient Funds,2,1,0,0
TX02960,CUST0324,2517.75,UPI,Insufficient Funds,14,5,1,0
TX02961,CUST0789,1369.02,Card,Insufficient Funds,4,1,0,0
TX02962,CUST0141,726.53,Net Banking,Bank Timeout,7,0,1,0
TX02963,CUST0470,3083.45,Card,Network Error,2,0,0,1
TX02964,CUST0787,550.74,Wallet,None,14,12,1,1
TX02965,CUST0802,530.09,UPI,None,7,1,0,1
TX02966,CUST0334,64.75,Net Banking,Bank Timeout,9,8,0,0
TX02967,CUST0893,630.2,Net Banking,None,8,2,1,1
TX02968,CUST0964,4059.1,UPI,None,9,4,1,1
TX02969,CUST0373,138.06,Wallet,None,7,4,0,1
TX02970,CUST0564,423.3,UPI,Insufficient Funds,19,6,1,0
TX02971,CUST0494,1701.16,Net Banking,None,17,10,0,1
TX02972,CUST0539,116.18,Net Banking,None,13,12,1,1
TX02973,CUST0669,658.06,Card,Authentication Failure,11,11,0,1
TX02974,CUST0751,3431.88,Card,Network Error,18,3,1,1
TX02975,CUST0156,8459.33,UPI,Expired Card,17,15,0,0
TX02976,CUST0291,1465.93,Card,None,16,12,2,1
TX02977,CUST0648,434.21,UPI,None,10,0,0,1
TX02978,CUST0144,419.84,Card,Bank Timeout,4,3,0,0
TX02979,CUST0106,1267.63,Card,None,4,2,0,1
TX02980,CUST0420,1452.39,Net Banking,None,11,9,0,1
TX02981,CUST0670,7029.91,UPI,None,8,4,0,1
TX02982,CUST0658,2895.19,Net Banking,None,9,8,1,1
TX02983,CUST0002,1192.86,Net Banking,None,16,15,0,1
TX02984,CUST0945,784.3,Card,None,10,3,0,1
TX02985,CUST0589,22352.91,UPI,None,9,0,0,1
TX02986,CUST0644,2052.05,UPI,Bank Timeout,3,2,0,1
TX02987,CUST0090,561.86,UPI,None,2,2,0,1
TX02988,CUST0345,876.01,Card,None,9,8,2,1
TX02989,CUST0350,456.02,Card,None,13,4,0,1
TX02990,CUST0459,99.03,Wallet,None,6,1,0,1
TX02991,CUST0263,1499.15,UPI,Insufficient Funds,4,4,0,0
TX02992,CUST0351,6518.86,UPI,None,14,11,2,1
TX02993,CUST0108,214.74,Card,Insufficient Funds,11,10,1,0
TX02994,CUST0586,1158.94,Net Banking,None,2,2,3,1
TX02995,CUST0039,540.82,Net Banking,None,3,2,0,1
TX02996,CUST0909,1847.34,Net Banking,None,5,3,2,1
TX02997,CUST0159,923.04,UPI,None,7,3,1,1
TX02998,CUST0583,281.45,Card,None,11,9,2,1
TX02999,CUST0959,411.12,Net Banking,None,12,8,0,1
TX03000,CUST0312,478.04,Card,None,11,9,1,1
TX03001,CUST0241,4206.21,UPI,Bank Timeout,19,12,0,1
TX03002,CUST0938,3996.84,UPI,Network Error,13,0,0,1
TX03003,CUST0445,803.24,UPI,None,4,3,0,1
TX03004,CUST0298,3743.6,Card,None,14,10,1,1
TX03005,CUST0952,922.25,UPI,None,12,4,3,1
TX03006,CUST0036,791.03,UPI,Expired Card,2,1,1,0
TX03007,CUST0084,1161.09,UPI,None,8,6,1,1
TX03008,CUST0452,1458.01,Card,None,19,13,1,1
TX03009,CUST0886,629.27,UPI,None,13,13,1,1
TX03010,CUST0775,1120.88,Card,None,1,1,0,1
TX03011,CUST0822,2409.86,UPI,None,5,0,0,1
TX03012,CUST0385,1248.3,UPI,None,11,5,1,1
TX03013,CUST0172,1144.57,Card,Bank Timeout,11,8,0,1
TX03014,CUST0376,1797.55,UPI,Network Error,13,2,1,1
TX03015,CUST0685,2136.03,UPI,None,2,0,1,1
TX03016,CUST0362,1030.07,UPI,None,19,16,0,1
TX03017,CUST0559,682.54,Net Banking,None,16,5,2,1
TX03018,CUST0891,1325.05,Card,Authentication Failure,5,5,0,0
TX03019,CUST0141,222.75,UPI,Insufficient Funds,14,1,0,0
TX03020,CUST0887,888.63,UPI,None,19,16,0,1
TX03021,CUST0918,92.61,Wallet,None,5,5,2,1
TX03022,CUST0118,205.25,Card,None,9,4,3,1
TX03023,CUST0277,176.59,UPI,None,12,12,0,1
TX03024,CUST0726,3125.51,Card,None,16,15,0,1
TX03025,CUST0220,1112.07,Card,Expired Card,19,8,0,0
TX03026,CUST0905,310.43,Card,None,15,11,0,1
TX03027,CUST0026,1791.96,Card,None,17,9,0,1
TX03028,CUST0521,2947.33,UPI,Insufficient Funds,15,9,1,0
TX03029,CUST0783,1823.45,UPI,None,3,0,1,1
TX03030,CUST0010,908.04,Net Banking,Authentication Failure,17,15,1,0
TX03031,CUST0984,1383.66,Card,None,13,0,0,1
TX03032,CUST0378,2701.32,UPI,Authentication Failure,9,7,0,1
TX03033,CUST0633,685.92,Net Banking,None,13,11,1,1
TX03034,CUST0637,1129.88,Net Banking,None,16,4,1,1
TX03035,CUST0682,847.94,Wallet,None,19,10,0,1
TX03036,CUST0584,218.46,Net Banking,None,14,4,0,1
TX03037,CUST0152,2742.34,Wallet,None,8,7,1,1
TX03038,CUST0720,8580.71,UPI,Authentication Failure,19,10,0,1
TX03039,CUST0049,457.7,Net Banking,Bank Timeout,3,1,1,1
TX03040,CUST0154,2871.76,Net Banking,None,18,18,0,1
TX03041,CUST0859,472.49,UPI,None,16,16,0,1
TX03042,CUST0293,1252.36,UPI,Network Error,14,14,1,0
TX03043,CUST0580,4954.31,Wallet,Network Error,16,11,0,1
TX03044,CUST0050,651.68,UPI,None,17,4,0,1
TX03045,CUST0664,1080.65,Net Banking,Authentication Failure,20,11,0,0
TX03046,CUST0531,181.0,UPI,None,11,0,1,1
TX03047,CUST0612,564.42,UPI,None,13,1,1,1
TX03048,CUST0060,163.0,Card,None,11,9,0,1
TX03049,CUST0167,1684.42,UPI,Bank Timeout,4,1,1,0
TX03050,CUST0202,2519.05,Card,None,14,8,0,1
TX03051,CUST0857,878.63,Card,None,5,1,0,1
TX03052,CUST0146,1459.56,UPI,None,4,1,0,1
TX03053,CUST0915,791.77,UPI,None,1,0,1,1
TX03054,CUST0676,2299.73,UPI,None,14,4,0,1
TX03055,CUST0970,1248.21,UPI,None,7,3,0,1
TX03056,CUST0993,150.56,Card,None,10,0,0,1
TX03057,CUST0439,2807.31,UPI,None,2,0,0,1
TX03058,CUST0242,742.82,UPI,Insufficient Funds,10,2,2,0
TX03059,CUST0581,307.85,Card,None,3,1,0,1
TX03060,CUST0687,707.03,UPI,Network Error,8,5,0,1
TX03061,CUST0561,163.68,UPI,None,10,2,0,1
TX03062,CUST0483,314.23,UPI,None,8,4,0,1
TX03063,CUST0108,1265.15,Net Banking,None,14,9,1,1
TX03064,CUST0226,1375.69,Net Banking,None,18,13,0,1
TX03065,CUST0673,1489.86,Net Banking,None,9,7,0,1
TX03066,CUST0631,1100.16,UPI,Insufficient Funds,9,9,1,0
TX03067,CUST0661,548.47,UPI,Authentication Failure,4,1,0,0
TX03068,CUST0977,1038.51,Card,None,3,3,1,1
TX03069,CUST0662,708.25,Card,None,14,12,1,1
TX03070,CUST0432,215.77,Wallet,Authentication Failure,14,4,0,0
TX03071,CUST0805,506.53,UPI,None,16,10,0,1
TX03072,CUST0655,2669.22,UPI,None,5,0,0,1
TX03073,CUST0419,5368.45,Card,Expired Card,20,9,1,0
TX03074,CUST0988,2103.33,Net Banking,Expired Card,15,13,1,0
TX03075,CUST0455,5134.29,Net Banking,None,9,3,0,1
TX03076,CUST0160,1194.39,Card,None,7,4,0,1
TX03077,CUST0523,6262.76,Wallet,None,13,13,1,1
TX03078,CUST0650,8556.86,Card,Insufficient Funds,8,2,0,0
TX03079,CUST0969,193.74,Net Banking,Authentication Failure,12,11,0,1
TX03080,CUST0590,1368.53,Wallet,None,4,1,0,1
TX03081,CUST0077,1195.63,Net Banking,Network Error,16,10,1,1
TX03082,CUST0509,717.59,UPI,Network Error,6,4,0,1
TX03083,CUST0441,1793.48,UPI,None,5,1,0,1
TX03084,CUST0254,1142.67,Card,Bank Timeout,1,0,1,1
TX03085,CUST0921,525.61,Card,None,14,14,0,1
TX03086,CUST0770,1067.84,Net Banking,None,9,6,0,1
TX03087,CUST0320,3657.72,UPI,None,18,6,1,1
TX03088,CUST0803,1316.24,UPI,Network Error,6,6,0,1
TX03089,CUST0263,2052.79,Card,None,15,8,1,1
TX03090,CUST0597,831.26,UPI,None,16,11,0,1
TX03091,CUST0658,1723.42,UPI,Bank Timeout,8,5,0,1
TX03092,CUST0835,327.27,UPI,None,19,6,0,1
TX03093,CUST0554,665.33,Card,Authentication Failure,5,5,1,0
TX03094,CUST0374,989.63,UPI,None,14,3,1,1
TX03095,CUST0637,306.02,Net Banking,None,7,7,0,1
TX03096,CUST0167,478.08,UPI,None,4,3,0,1
TX03097,CUST0937,1499.84,Net Banking,Insufficient Funds,1,1,0,0
TX03098,CUST0753,1248.67,Card,None,4,3,2,1
TX03099,CUST0459,2456.19,UPI,None,14,11,2,1
TX03100,CUST0999,601.54,UPI,Bank Timeout,16,2,0,1
TX03101,CUST0280,1161.66,UPI,None,7,0,0,1
TX03102,CUST0700,560.11,Card,Authentication Failure,10,2,0,1
TX03103,CUST0302,2221.92,UPI,Insufficient Funds,10,6,2,0
TX03104,CUST0531,3607.41,UPI,None,4,3,0,1
TX03105,CUST0580,1778.14,Card,None,12,4,0,1
TX03106,CUST0218,3169.07,UPI,None,6,4,0,1
TX03107,CUST0102,1132.86,UPI,None,13,2,0,1
TX03108,CUST0554,2454.29,Card,Insufficient Funds,1,1,0,1
TX03109,CUST0288,1182.54,Net Banking,Expired Card,8,7,0,0
TX03110,CUST0167,393.5,UPI,None,16,7,0,1
TX03111,CUST0621,1403.5,UPI,None,5,4,0,1
TX03112,CUST0036,405.33,Wallet,None,7,0,0,1
TX03113,CUST0744,11374.5,UPI,None,3,3,0,1
TX03114,CUST0741,785.18,Wallet,None,2,1,2,1
TX03115,CUST0353,2090.25,UPI,None,2,1,1,1
TX03116,CUST0676,1083.1,Net Banking,None,20,20,1,1
TX03117,CUST0899,319.38,UPI,None,10,7,0,1
TX03118,CUST0073,164.26,Net Banking,Network Error,20,8,1,0
TX03119,CUST0648,2319.28,UPI,None,9,1,0,1
TX03120,CUST0353,5163.35,Card,Bank Timeout,18,18,0,1
TX03121,CUST0891,525.94,UPI,None,6,5,0,1
TX03122,CUST0070,209.2,UPI,Insufficient Funds,20,13,0,0
TX03123,CUST0425,792.22,Card,None,6,1,0,1
TX03124,CUST0999,429.61,Card,Insufficient Funds,10,9,0,1
TX03125,CUST0708,572.31,Net Banking,Insufficient Funds,9,7,0,0
TX03126,CUST0781,2019.03,UPI,None,9,5,0,1
TX03127,CUST0561,1042.67,Net Banking,None,3,3,1,1
TX03128,CUST0828,478.42,UPI,Authentication Failure,12,4,0,0
TX03129,CUST0642,1975.35,Wallet,Network Error,11,2,2,1
TX03130,CUST0956,2136.39,Wallet,Authentication Failure,14,11,0,0
TX03131,CUST0517,782.85,UPI,Bank Timeout,19,19,0,1
TX03132,CUST0428,1258.8,Net Banking,None,10,6,2,1
TX03133,CUST0539,1845.49,Net Banking,None,19,18,0,1
TX03134,CUST0160,1679.25,UPI,None,5,3,1,1
TX03135,CUST0149,1142.09,Card,Expired Card,9,2,0,0
TX03136,CUST0776,4594.37,UPI,None,1,0,0,1
TX03137,CUST0230,1963.89,Net Banking,None,15,14,0,1
TX03138,CUST0712,698.77,UPI,Network Error,4,1,2,0
TX03139,CUST0562,702.98,UPI,Network Error,7,5,0,1
TX03140,CUST0067,627.61,UPI,None,6,6,0,1
TX03141,CUST0812,2063.42,Card,None,15,3,1,1
TX03142,CUST0381,588.31,Net Banking,None,6,4,0,1
TX03143,CUST0058,717.02,Wallet,None,7,7,2,1
TX03144,CUST0259,3159.04,UPI,Bank Timeout,20,9,0,1
TX03145,CUST0342,1328.27,UPI,None,3,1,1,1
TX03146,CUST0838,3635.61,Card,Insufficient Funds,13,0,0,0
TX03147,CUST0130,2435.87,Card,Bank Timeout,2,2,0,0
TX03148,CUST0727,338.1,UPI,None,3,1,1,1
TX03149,CUST0172,990.16,UPI,None,13,2,0,1
TX03150,CUST0770,2951.15,Card,None,9,4,0,1
TX03151,CUST0614,323.06,UPI,None,19,2,3,1
TX03152,CUST0209,1668.55,Card,None,18,14,0,1
TX03153,CUST0803,1054.44,Card,Insufficient Funds,5,0,1,0
TX03154,CUST0354,189.66,Net Banking,None,10,1,1,1
TX03155,CUST0471,1236.03,Card,Bank Timeout,14,7,1,1
TX03156,CUST0798,474.63,UPI,None,17,12,2,1
TX03157,CUST0116,341.16,Net Banking,None,3,1,0,1
TX03158,CUST0264,1106.7,Card,Expired Card,7,2,1,0
TX03159,CUST0662,159.04,UPI,None,9,3,0,1
TX03160,CUST0812,558.75,Card,None,5,5,1,1
TX03161,CUST0442,14061.2,UPI,None,4,4,0,1
TX03162,CUST0548,2101.11,Net Banking,None,3,2,2,1
TX03163,CUST0453,454.22,Card,Network Error,13,12,2,0
TX03164,CUST0845,4465.63,Card,None,9,3,0,1
TX03165,CUST0477,406.65,UPI,None,7,7,0,1
TX03166,CUST0287,630.37,UPI,None,8,8,1,1
TX03167,CUST0303,347.63,Wallet,Authentication Failure,10,6,0,0
TX03168,CUST0311,1416.69,Net Banking,None,1,0,0,1
TX03169,CUST0208,4309.73,UPI,None,20,15,0,1
TX03170,CUST0618,403.83,UPI,None,1,0,0,1
TX03171,CUST0446,139.71,UPI,None,19,7,0,1
TX03172,CUST0670,3264.84,Card,None,2,1,0,1
TX03173,CUST0633,5186.43,Card,None,12,11,0,1
TX03174,CUST0055,149.15,Card,None,13,11,0,1
TX03175,CUST0912,1737.24,Card,None,14,2,0,1
TX03176,CUST0012,1375.41,Net Banking,None,5,0,0,1
TX03177,CUST0657,498.96,UPI,Authentication Failure,3,0,0,0
TX03178,CUST0400,271.96,UPI,Network Error,17,14,0,1
TX03179,CUST0908,2956.47,Card,None,1,1,0,1
TX03180,CUST0648,1311.69,Wallet,None,14,1,2,1
TX03181,CUST0980,1414.35,Card,None,6,6,0,1
TX03182,CUST0515,588.88,Card,Insufficient Funds,17,12,0,0
TX03183,CUST0656,491.81,Card,None,4,2,0,1
TX03184,CUST0542,94.16,Net Banking,Bank Timeout,6,2,1,0
TX03185,CUST0237,873.03,UPI,None,1,1,0,1
TX03186,CUST0279,4623.13,UPI,None,9,4,2,1
TX03187,CUST0348,450.22,Wallet,Authentication Failure,4,1,0,1
TX03188,CUST0627,239.27,Net Banking,Network Error,9,1,0,1
TX03189,CUST0104,1695.38,UPI,Insufficient Funds,9,0,3,0
TX03190,CUST0630,2038.73,Card,None,13,4,0,1
TX03191,CUST0517,610.39,UPI,None,17,6,2,1
TX03192,CUST0980,773.74,UPI,None,3,1,2,1
TX03193,CUST0872,1427.82,Wallet,None,6,0,2,1
TX03194,CUST0248,938.66,UPI,None,20,3,1,1
TX03195,CUST0364,2981.34,Net Banking,None,15,2,0,1
TX03196,CUST0321,12547.07,UPI,None,14,10,0,1
TX03197,CUST0633,198.51,Card,None,13,3,0,1
TX03198,CUST0286,3750.92,UPI,Network Error,9,6,3,0
TX03199,CUST0149,1218.36,Card,Authentication Failure,15,7,0,0
TX03200,CUST0084,4394.9,Card,None,14,1,0,1
TX03201,CUST0966,2262.79,Card,None,4,4,1,1
TX03202,CUST0406,1165.79,UPI,None,11,4,0,1
TX03203,CUST0978,2344.96,UPI,Insufficient Funds,2,0,1,0
TX03204,CUST0456,739.4,UPI,None,16,12,2,1
TX03205,CUST0743,505.58,UPI,Bank Timeout,19,2,0,1
TX03206,CUST0800,2467.26,Card,Bank Timeout,16,5,1,0
TX03207,CUST0161,471.38,Card,None,7,6,1,1
TX03208,CUST0784,2084.68,Card,None,11,9,1,1
TX03209,CUST0460,1130.88,Card,Expired Card,12,11,0,0
TX03210,CUST0550,106.76,UPI,None,4,4,0,1
TX03211,CUST0500,617.46,UPI,None,16,3,0,1
TX03212,CUST0738,1532.78,UPI,Expired Card,16,13,1,0
TX03213,CUST0509,730.7,Net Banking,None,7,3,0,1
TX03214,CUST0654,85.91,Card,Insufficient Funds,13,13,0,0
TX03215,CUST0804,4108.24,UPI,Authentication Failure,5,0,0,0
TX03216,CUST0481,1299.03,UPI,Network Error,1,1,0,1
TX03217,CUST0663,1709.13,Net Banking,None,5,2,0,1
TX03218,CUST0114,683.16,Card,None,14,5,0,1
TX03219,CUST0749,1865.88,Card,None,11,10,1,1
TX03220,CUST0578,6869.32,UPI,Bank Timeout,2,0,1,0
TX03221,CUST0361,525.8,UPI,Insufficient Funds,18,8,0,1
TX03222,CUST0341,5808.12,Wallet,None,15,1,1,1
TX03223,CUST0770,1633.64,Card,None,14,11,0,1
TX03224,CUST0987,459.7,UPI,None,13,4,2,1
TX03225,CUST0761,10020.52,Net Banking,Network Error,2,1,0,0
TX03226,CUST0969,1622.36,Card,Network Error,19,14,2,0
TX03227,CUST0449,2157.01,UPI,Authentication Failure,8,3,0,0
TX03228,CUST0843,837.69,UPI,Network Error,17,3,0,1
TX03229,CUST0835,494.56,UPI,Bank Timeout,15,7,1,0
TX03230,CUST0180,1297.01,UPI,Network Error,20,5,0,0
TX03231,CUST0702,5331.9,Card,None,14,6,1,1
TX03232,CUST0407,804.6,UPI,None,3,2,0,1
TX03233,CUST0666,1067.69,Net Banking,Insufficient Funds,17,12,0,1
TX03234,CUST0196,4704.75,Wallet,None,3,2,1,1
TX03235,CUST0466,812.14,UPI,None,13,10,0,1
TX03236,CUST0311,1826.72,Card,None,18,1,0,1
TX03237,CUST0262,2636.88,Net Banking,None,1,0,2,1
TX03238,CUST0419,900.74,Card,None,7,6,2,1
TX03239,CUST0406,1494.93,Card,None,5,4,1,1
TX03240,CUST0939,2124.1,UPI,None,2,0,1,1
TX03241,CUST0143,734.42,Card,None,17,9,3,1
TX03242,CUST0342,2479.38,Card,None,10,4,1,1
TX03243,CUST0316,634.61,Wallet,Bank Timeout,4,2,2,0
TX03244,CUST0101,558.31,UPI,None,9,6,0,1
TX03245,CUST0244,238.16,Net Banking,None,11,11,1,1
TX03246,CUST0490,662.84,UPI,None,12,11,0,1
TX03247,CUST0012,485.17,Wallet,None,12,12,1,1
TX03248,CUST0239,734.45,Card,None,18,14,1,1
TX03249,CUST0561,2022.3,Card,Bank Timeout,4,4,0,1
TX03250,CUST0042,195.26,Card,Network Error,9,9,1,0
TX03251,CUST0678,152.22,UPI,None,8,2,2,1
TX03252,CUST0594,518.49,UPI,None,19,8,2,1
TX03253,CUST0429,1739.29,UPI,None,13,7,0,1
TX03254,CUST0803,1463.91,UPI,Expired Card,2,2,1,1
TX03255,CUST0158,510.27,UPI,Authentication Failure,19,0,0,0
TX03256,CUST0216,3531.25,Card,None,14,1,1,1
TX03257,CUST0670,567.7,Card,None,5,0,0,1
TX03258,CUST0462,1741.42,UPI,Bank Timeout,10,4,0,0
TX03259,CUST0134,762.97,Net Banking,Network Error,17,16,0,0
TX03260,CUST0067,460.0,Card,None,20,8,0,1
TX03261,CUST0848,598.8,Wallet,Authentication Failure,16,0,1,0
TX03262,CUST0007,2284.72,Card,None,17,7,0,1
TX03263,CUST0948,1573.45,UPI,None,1,0,1,1
TX03264,CUST0526,2887.37,Card,Insufficient Funds,15,13,3,0
TX03265,CUST0073,1573.39,Card,None,17,10,1,1
TX03266,CUST0399,218.95,UPI,Network Error,11,11,0,1
TX03267,CUST0405,9085.32,UPI,None,5,5,0,1
TX03268,CUST0675,1595.86,UPI,None,4,0,0,1
TX03269,CUST0578,1834.76,UPI,None,9,1,0,1
TX03270,CUST0859,752.32,UPI,None,16,4,2,1
TX03271,CUST0130,3338.17,Card,None,12,10,0,1
TX03272,CUST0931,367.56,UPI,Expired Card,18,4,2,1
TX03273,CUST0466,2017.93,Card,None,3,3,0,1
TX03274,CUST0206,137.05,Card,Bank Timeout,15,2,0,1
TX03275,CUST0788,2158.59,UPI,None,18,12,0,1
TX03276,CUST0978,372.58,UPI,Bank Timeout,12,5,1,0
TX03277,CUST0768,1446.63,UPI,None,13,6,0,1
TX03278,CUST0266,4261.35,UPI,None,1,1,0,1
TX03279,CUST0537,2496.68,UPI,None,4,2,1,1
TX03280,CUST0962,3730.81,UPI,None,8,7,2,1
TX03281,CUST0793,3363.87,Card,None,19,2,0,1
TX03282,CUST0253,649.18,Card,None,5,2,0,1
TX03283,CUST0822,1994.86,UPI,Authentication Failure,11,3,0,1
TX03284,CUST0289,195.41,UPI,Insufficient Funds,17,9,1,1
TX03285,CUST0164,551.73,Card,Expired Card,17,3,1,0
TX03286,CUST0095,4414.52,Net Banking,None,2,1,2,1
TX03287,CUST0782,746.18,Card,Expired Card,1,0,0,0
TX03288,CUST0833,169.36,Card,Bank Timeout,4,3,0,1
TX03289,CUST0110,8214.85,UPI,None,9,3,0,1
TX03290,CUST0336,1924.17,UPI,None,2,2,1,1
TX03291,CUST0822,2355.43,Net Banking,None,3,2,0,1
TX03292,CUST0238,411.39,UPI,None,6,4,3,1
TX03293,CUST0381,1456.89,Wallet,None,13,11,0,1
TX03294,CUST0436,1418.81,Card,None,15,7,0,1
TX03295,CUST0899,482.28,Card,Network Error,11,5,0,1
TX03296,CUST0483,925.36,UPI,None,10,5,0,1
TX03297,CUST0937,244.58,Card,None,3,2,1,1
TX03298,CUST0902,775.33,Card,Network Error,20,8,0,0
TX03299,CUST0025,2904.01,UPI,Bank Timeout,9,3,0,1
TX03300,CUST0653,519.65,UPI,Expired Card,10,8,0,0
TX03301,CUST0117,7385.68,Net Banking,None,12,0,1,1
TX03302,CUST0482,260.84,Card,None,8,8,1,1
TX03303,CUST0392,845.41,UPI,None,17,0,0,1
TX03304,CUST0917,568.82,UPI,None,5,5,1,1
TX03305,CUST0994,915.82,Card,None,8,6,0,1
TX03306,CUST0964,4322.01,Card,None,18,8,1,1
TX03307,CUST0537,409.75,Card,Expired Card,11,9,1,1
TX03308,CUST0079,698.36,Card,None,10,3,0,1
TX03309,CUST0580,2110.13,UPI,None,15,15,1,1
TX03310,CUST0173,1203.7,Card,None,6,3,0,1
TX03311,CUST0956,1306.59,UPI,Network Error,19,8,0,1
TX03312,CUST0012,417.68,Net Banking,None,17,2,0,1
TX03313,CUST0800,1020.88,Card,None,10,9,0,1
TX03314,CUST0128,3400.16,UPI,None,5,2,1,1
TX03315,CUST0608,219.31,UPI,None,16,8,0,1
TX03316,CUST0092,546.04,Net Banking,None,12,12,1,1
TX03317,CUST0653,178.48,UPI,None,5,0,0,1
TX03318,CUST0543,1876.15,UPI,None,1,1,0,1
TX03319,CUST0846,3734.88,Card,Bank Timeout,2,0,0,0
TX03320,CUST0532,912.87,UPI,None,5,1,0,1
TX03321,CUST0658,401.21,Card,Network Error,19,0,3,0
TX03322,CUST0989,413.13,UPI,None,15,0,0,1
TX03323,CUST0828,814.8,Card,None,1,0,0,1
TX03324,CUST0447,811.7,UPI,None,11,8,2,1
TX03325,CUST0390,2729.39,UPI,None,18,5,0,1
TX03326,CUST0672,561.79,Net Banking,None,3,0,0,1
TX03327,CUST0861,1694.39,Card,None,9,3,0,1
TX03328,CUST0043,807.97,UPI,Network Error,4,3,2,0
TX03329,CUST0254,520.74,UPI,Bank Timeout,13,2,1,0
TX03330,CUST0130,788.1,Card,Network Error,9,4,1,0
TX03331,CUST0060,1535.39,Card,None,3,0,1,1
TX03332,CUST0663,2737.86,Wallet,None,16,13,1,1
TX03333,CUST0467,852.38,Wallet,None,8,6,1,1
TX03334,CUST0287,329.0,Card,None,7,7,0,1
TX03335,CUST0517,2980.11,UPI,None,17,5,0,1
TX03336,CUST0467,446.67,Card,None,16,13,0,1
TX03337,CUST0930,1423.43,Card,Insufficient Funds,18,17,2,0
TX03338,CUST0778,1069.74,UPI,None,16,8,1,1
TX03339,CUST0345,935.83,UPI,None,15,6,0,1
TX03340,CUST0642,673.86,UPI,None,2,1,0,1
TX03341,CUST0382,2038.87,UPI,None,20,9,0,1
TX03342,CUST0779,30.51,UPI,Authentication Failure,4,1,1,0
TX03343,CUST0690,3416.84,Card,None,5,4,0,1
TX03344,CUST0253,440.32,Card,Expired Card,7,5,1,0
TX03345,CUST0927,1649.05,Card,None,15,10,0,1
TX03346,CUST0056,1564.04,UPI,None,17,8,1,1
TX03347,CUST0463,3924.43,UPI,Bank Timeout,10,3,1,0
TX03348,CUST0457,1336.42,Card,None,20,7,1,1
TX03349,CUST0983,478.61,UPI,None,9,9,0,1
TX03350,CUST0083,220.36,Card,None,16,15,1,1
TX03351,CUST0905,773.71,Wallet,None,3,2,0,1
TX03352,CUST0099,154.75,UPI,Network Error,9,1,2,0
TX03353,CUST0149,584.94,UPI,Network Error,8,5,0,0
TX03354,CUST0329,818.41,Card,Network Error,7,3,0,1
TX03355,CUST0156,550.09,Wallet,None,17,8,1,1
TX03356,CUST0190,1143.41,Card,None,5,1,0,1
TX03357,CUST0494,866.01,Net Banking,None,7,6,1,1
TX03358,CUST0883,790.22,UPI,Network Error,13,6,0,0
TX03359,CUST0263,97.11,Wallet,Authentication Failure,18,4,0,0
TX03360,CUST0080,300.45,UPI,None,14,10,2,1
TX03361,CUST0400,2085.28,UPI,None,18,12,2,1
TX03362,CUST0764,2451.01,Net Banking,None,3,2,0,1
TX03363,CUST0609,174.38,Net Banking,None,17,0,0,1
TX03364,CUST0260,485.55,UPI,None,19,3,0,1
TX03365,CUST0772,3203.39,UPI,None,7,2,0,1
TX03366,CUST0615,534.84,UPI,None,4,1,0,1
TX03367,CUST0552,980.94,UPI,Bank Timeout,15,5,0,0
TX03368,CUST0785,4636.92,UPI,Bank Timeout,8,6,1,1
TX03369,CUST0101,763.89,Wallet,Expired Card,16,9,0,0
TX03370,CUST0359,662.01,Card,None,1,0,1,1
TX03371,CUST0380,937.26,Card,None,16,11,1,1
TX03372,CUST0820,6998.22,Card,None,2,0,1,1
TX03373,CUST0221,1713.34,Card,None,2,1,0,1
TX03374,CUST0820,1117.76,Card,None,8,1,1,1
TX03375,CUST0420,649.13,Card,Bank Timeout,12,10,1,1
TX03376,CUST0124,1879.61,UPI,None,11,11,1,1
TX03377,CUST0422,2121.12,Card,Expired Card,6,1,0,0
TX03378,CUST0231,374.96,Card,Bank Timeout,19,5,0,1
TX03379,CUST0690,2179.01,Net Banking,Network Error,18,12,1,1
TX03380,CUST0063,942.79,Wallet,Network Error,5,5,0,0
TX03381,CUST0485,1124.17,UPI,None,15,9,3,1
TX03382,CUST0628,452.92,Card,Network Error,8,0,0,1
TX03383,CUST0703,735.11,UPI,None,6,1,0,1
TX03384,CUST0574,391.45,Card,Insufficient Funds,12,12,0,0
TX03385,CUST0768,373.08,UPI,None,19,3,0,1
TX03386,CUST0483,1598.93,UPI,None,12,5,0,1
TX03387,CUST0519,768.84,UPI,None,12,1,1,1
TX03388,CUST0155,298.98,Card,None,9,4,1,1
TX03389,CUST0092,9672.6,UPI,None,10,1,0,1
TX03390,CUST0982,356.15,Net Banking,None,17,4,1,1
TX03391,CUST0526,3268.55,UPI,Insufficient Funds,18,6,0,0
TX03392,CUST0455,250.52,Net Banking,None,16,8,0,1
TX03393,CUST0741,1731.08,Card,None,4,2,1,1
TX03394,CUST0598,853.58,UPI,None,18,11,0,1
TX03395,CUST0645,584.61,UPI,None,3,3,0,1
TX03396,CUST0510,1335.07,Card,None,16,13,1,1
TX03397,CUST0183,1167.08,Card,Network Error,14,7,1,1
TX03398,CUST0386,486.64,Card,None,9,6,0,1
TX03399,CUST0574,465.1,UPI,None,6,0,0,1
TX03400,CUST0731,227.26,Card,None,4,3,0,1
TX03401,CUST0405,1488.56,Wallet,None,2,0,0,1
TX03402,CUST0246,313.0,UPI,None,10,8,1,1
TX03403,CUST0742,1101.0,UPI,Bank Timeout,11,6,0,0
TX03404,CUST0591,1983.22,UPI,None,7,5,0,1
TX03405,CUST0661,1350.26,Card,None,5,3,0,1
TX03406,CUST0650,532.12,Card,None,4,2,0,1
TX03407,CUST0471,2721.16,UPI,None,6,0,1,1
TX03408,CUST0826,729.26,UPI,Network Error,2,0,0,0
TX03409,CUST0888,288.83,UPI,None,2,0,0,1
TX03410,CUST0423,825.73,UPI,None,16,14,3,1
TX03411,CUST0901,1971.99,UPI,Bank Timeout,13,7,0,1
TX03412,CUST0065,558.68,Wallet,None,7,6,0,1
TX03413,CUST0013,2639.07,Card,Insufficient Funds,5,4,1,1
TX03414,CUST0213,507.59,UPI,None,17,0,0,1
TX03415,CUST0986,581.6,Net Banking,None,13,12,3,1
TX03416,CUST0242,385.26,Card,Insufficient Funds,15,14,1,0
TX03417,CUST0493,2172.66,Card,Bank Timeout,3,2,2,0
TX03418,CUST0213,1039.77,UPI,None,4,1,0,1
TX03419,CUST0693,411.68,UPI,Network Error,15,12,0,0
TX03420,CUST0338,737.89,Net Banking,None,18,3,1,1
TX03421,CUST0997,50.85,Card,None,3,0,2,1
TX03422,CUST0173,2387.43,UPI,None,7,7,2,1
TX03423,CUST0672,924.5,Card,None,8,1,2,1
TX03424,CUST0164,98.87,Net Banking,Bank Timeout,11,4,1,0
TX03425,CUST0465,255.52,UPI,None,9,7,0,1
TX03426,CUST0995,719.39,Card,None,20,5,0,1
TX03427,CUST0497,294.66,Wallet,Bank Timeout,12,5,0,1
TX03428,CUST0700,2424.42,UPI,None,5,3,0,1
TX03429,CUST0395,1666.65,Card,None,1,1,0,1
TX03430,CUST0703,1571.11,Card,None,14,2,0,1
TX03431,CUST0917,81.1,Card,None,3,0,0,1
TX03432,CUST0308,648.42,UPI,Network Error,15,5,3,0
TX03433,CUST0768,545.87,UPI,None,10,5,0,1
TX03434,CUST0183,422.4,Card,None,10,4,0,1
TX03435,CUST0629,724.02,UPI,Network Error,3,1,1,1
TX03436,CUST0794,355.58,UPI,None,6,2,1,1
TX03437,CUST0510,1359.97,UPI,None,5,5,0,1
TX03438,CUST0708,2360.32,UPI,Insufficient Funds,19,12,0,0
TX03439,CUST0546,2165.45,Wallet,None,14,0,0,1
TX03440,CUST0564,955.36,UPI,None,17,8,0,1
TX03441,CUST0624,8096.93,Wallet,None,12,5,0,1
TX03442,CUST0764,3428.83,UPI,None,9,9,1,1
TX03443,CUST0594,990.73,Card,None,3,3,1,1
TX03444,CUST0744,677.04,UPI,None,18,18,1,1
TX03445,CUST0227,4179.84,Card,Bank Timeout,4,1,0,1
TX03446,CUST0745,3003.64,Card,None,14,11,0,1
TX03447,CUST0733,267.62,UPI,None,6,0,0,1
TX03448,CUST0436,3248.09,Net Banking,Bank Timeout,15,6,0,1
TX03449,CUST0925,939.76,UPI,None,17,3,1,1
TX03450,CUST0422,463.63,Card,Network Error,5,0,2,1
TX03451,CUST0554,151.53,Wallet,None,6,6,0,1
TX03452,CUST0021,838.06,Net Banking,None,5,1,3,1
TX03453,CUST0554,1083.31,Wallet,Insufficient Funds,19,12,2,0
TX03454,CUST0397,5363.26,UPI,None,14,7,0,1
TX03455,CUST0625,2856.16,UPI,Expired Card,4,3,0,0
TX03456,CUST0105,612.23,UPI,None,5,1,0,1
TX03457,CUST0192,1618.64,Card,None,11,11,0,1
TX03458,CUST0017,2505.51,Card,None,2,1,0,1
TX03459,CUST0120,1195.07,UPI,None,2,2,0,1
TX03460,CUST0393,609.63,Card,Network Error,20,0,2,1
TX03461,CUST0425,644.08,UPI,None,12,10,0,1
TX03462,CUST0129,1612.39,UPI,Bank Timeout,16,14,0,1
TX03463,CUST0130,1657.36,Card,None,17,16,1,1
TX03464,CUST0572,818.15,Card,None,4,4,2,1
TX03465,CUST0560,79.91,Net Banking,None,14,11,0,1
TX03466,CUST0029,301.71,UPI,None,7,2,0,1
TX03467,CUST0097,2037.93,Card,None,15,6,1,1
TX03468,CUST0010,130.21,UPI,None,16,4,1,1
TX03469,CUST0242,3583.81,UPI,None,8,2,3,1
TX03470,CUST0826,3090.71,Card,Bank Timeout,2,0,0,0
TX03471,CUST0956,1142.64,Net Banking,Network Error,19,4,1,0
TX03472,CUST0232,1994.07,UPI,None,1,1,0,1
TX03473,CUST0789,1860.82,UPI,None,4,3,2,1
TX03474,CUST0284,975.67,Card,None,11,8,0,1
TX03475,CUST0715,277.58,UPI,None,10,5,0,1
TX03476,CUST0759,2884.98,Net Banking,None,18,15,0,1
TX03477,CUST0802,4479.34,Card,None,1,1,0,1
TX03478,CUST0776,327.47,UPI,Bank Timeout,17,15,0,1
TX03479,CUST0955,267.4,Card,None,16,2,0,1
TX03480,CUST0726,956.43,Card,None,12,1,0,1
TX03481,CUST0200,586.27,UPI,None,16,10,0,1
TX03482,CUST0945,1267.69,Card,Authentication Failure,9,2,1,0
TX03483,CUST0079,3670.17,UPI,None,17,14,0,1
TX03484,CUST0913,116.09,Card,Bank Timeout,3,2,1,1
TX03485,CUST0956,5330.88,UPI,Expired Card,18,9,1,0
TX03486,CUST0855,730.21,Net Banking,Network Error,15,10,0,1
TX03487,CUST0856,1829.47,UPI,Expired Card,15,8,0,0
TX03488,CUST0173,2035.97,UPI,None,16,2,1,1
TX03489,CUST0467,2287.79,Net Banking,None,20,8,0,1
TX03490,CUST0581,1166.67,UPI,None,1,1,0,1
TX03491,CUST0416,1473.74,UPI,None,1,1,0,1
TX03492,CUST0940,1464.14,UPI,None,4,4,0,1
TX03493,CUST0449,583.89,UPI,None,13,7,0,1
TX03494,CUST0087,189.04,Net Banking,None,4,3,3,1
TX03495,CUST0101,324.02,Card,Bank Timeout,8,0,2,0
TX03496,CUST0008,988.08,UPI,None,13,10,2,1
TX03497,CUST0845,499.29,Card,None,8,7,0,1
TX03498,CUST0200,500.45,Card,Expired Card,14,14,3,1
TX03499,CUST0505,6629.28,Net Banking,None,1,1,1,1
TX03500,CUST0087,2588.66,UPI,Network Error,9,7,1,1
TX03501,CUST0043,852.29,Card,Network Error,1,0,0,1
TX03502,CUST0385,2147.45,Card,None,7,7,0,1
TX03503,CUST0621,720.35,Card,None,20,11,2,1
TX03504,CUST0435,1225.03,Card,None,13,0,0,1
TX03505,CUST0408,1705.53,UPI,Network Error,15,3,3,0
TX03506,CUST0483,722.27,Card,None,9,6,0,1
TX03507,CUST0664,552.66,Card,None,16,12,3,1
TX03508,CUST0017,3729.14,Wallet,Network Error,17,16,0,1
TX03509,CUST0645,2026.6,UPI,None,9,2,0,1
TX03510,CUST0148,115.05,Card,Network Error,6,2,0,1
TX03511,CUST0277,562.2,Net Banking,Insufficient Funds,20,4,1,0
TX03512,CUST0232,502.06,Card,Insufficient Funds,12,11,1,0
TX03513,CUST0826,589.26,Net Banking,Bank Timeout,16,10,0,1
TX03514,CUST0927,2597.75,Net Banking,None,15,14,0,1
TX03515,CUST0366,1117.9,UPI,Expired Card,7,6,0,1
TX03516,CUST0228,273.25,Card,None,10,2,0,1
TX03517,CUST0651,747.54,UPI,None,4,2,1,1
TX03518,CUST0436,1885.1,Card,None,3,0,0,1
TX03519,CUST0399,880.38,UPI,Expired Card,18,10,0,0
TX03520,CUST0211,575.55,Card,Network Error,1,0,3,0
TX03521,CUST0391,1527.24,Card,Network Error,13,2,0,1
TX03522,CUST0499,5531.38,UPI,None,18,7,1,1
TX03523,CUST0540,1739.62,UPI,Network Error,8,4,0,0
TX03524,CUST0563,4027.66,Wallet,Network Error,11,2,0,1
TX03525,CUST0491,615.47,UPI,None,10,7,1,1
TX03526,CUST0442,1087.5,UPI,None,4,2,0,1
TX03527,CUST0261,1065.76,UPI,None,4,4,0,1
TX03528,CUST0773,1234.82,Wallet,None,4,0,2,1
TX03529,CUST0350,1703.64,Wallet,None,12,5,1,1
TX03530,CUST0352,437.48,Card,None,8,8,2,1
TX03531,CUST0520,2095.05,Net Banking,None,13,11,1,1
TX03532,CUST0320,215.32,UPI,None,8,6,0,1
TX03533,CUST0138,288.37,Wallet,None,3,2,0,1
TX03534,CUST0550,9280.09,UPI,None,12,10,1,1
TX03535,CUST0623,658.44,UPI,Authentication Failure,18,12,0,0
TX03536,CUST0992,2274.51,UPI,None,15,7,0,1
TX03537,CUST0368,5992.66,Card,None,14,5,0,1
TX03538,CUST0220,108.37,Card,None,9,4,0,1
TX03539,CUST0337,3382.08,UPI,None,5,3,0,1
TX03540,CUST0223,2098.43,Wallet,Authentication Failure,15,5,0,0
TX03541,CUST0648,5655.58,UPI,None,8,6,1,1
TX03542,CUST0768,336.46,UPI,None,3,3,0,1
TX03543,CUST0360,4680.94,Card,Expired Card,12,8,1,0
TX03544,CUST0921,523.53,Card,None,5,4,1,1
TX03545,CUST0329,3148.8,Net Banking,None,9,6,0,1
TX03546,CUST0962,1057.83,Card,None,20,16,0,1
TX03547,CUST0463,2370.29,Card,None,3,3,0,1
TX03548,CUST0946,1151.56,UPI,Expired Card,8,7,0,1
TX03549,CUST0963,174.27,Card,None,13,10,1,1
TX03550,CUST0561,48.4,Wallet,Authentication Failure,8,6,0,0
TX03551,CUST0804,1352.78,UPI,Expired Card,5,2,0,0
TX03552,CUST0382,842.41,Net Banking,None,7,3,0,1
TX03553,CUST0836,1633.08,Card,None,5,3,1,1
TX03554,CUST0590,852.22,UPI,None,9,1,0,1
TX03555,CUST0617,8250.9,Wallet,None,5,1,1,1
TX03556,CUST0169,1380.96,Card,None,8,5,1,1
TX03557,CUST0217,701.38,UPI,None,12,2,0,1
TX03558,CUST0378,1536.65,UPI,None,4,0,0,1
TX03559,CUST0119,714.32,UPI,Authentication Failure,9,7,0,0
TX03560,CUST0190,1203.43,Net Banking,None,14,6,0,1
TX03561,CUST0767,324.58,Card,None,19,19,0,1
TX03562,CUST0370,1087.26,Net Banking,Insufficient Funds,13,13,0,0
TX03563,CUST0778,680.04,UPI,None,3,3,0,1
TX03564,CUST0149,356.83,UPI,None,4,0,1,1
TX03565,CUST0676,7908.84,UPI,None,1,1,2,1
TX03566,CUST0652,371.02,Card,None,1,0,1,1
TX03567,CUST0859,1104.3,Wallet,None,11,3,0,1
TX03568,CUST0488,491.37,Card,None,16,2,3,1
TX03569,CUST0770,1475.92,UPI,None,4,3,0,1
TX03570,CUST0374,306.62,Net Banking,Expired Card,7,6,0,0
TX03571,CUST0781,2541.11,Card,None,12,12,0,1
TX03572,CUST0693,8401.42,UPI,None,6,5,0,1
TX03573,CUST0160,473.65,Net Banking,None,20,13,0,1
TX03574,CUST0351,3703.26,UPI,None,9,4,1,1
TX03575,CUST0912,748.54,UPI,None,8,4,0,1
TX03576,CUST0288,4943.31,UPI,Authentication Failure,14,10,0,0
TX03577,CUST0288,9783.95,Card,None,15,5,0,1
TX03578,CUST0892,868.09,UPI,None,5,3,1,1
TX03579,CUST0226,239.78,UPI,None,15,12,2,1
TX03580,CUST0523,2830.15,UPI,None,6,3,1,1
TX03581,CUST0522,1372.54,Card,None,1,1,0,1
TX03582,CUST0783,1811.28,Wallet,None,20,5,1,1
TX03583,CUST0273,780.67,Card,None,9,4,0,1
TX03584,CUST0936,452.83,UPI,None,4,2,3,1
TX03585,CUST0402,3499.4,UPI,None,2,2,1,1
TX03586,CUST0183,1509.89,UPI,None,6,2,0,1
TX03587,CUST0969,258.9,UPI,None,2,1,1,1
TX03588,CUST0665,2179.55,Card,Expired Card,3,3,0,0
TX03589,CUST0488,1783.21,Card,None,7,1,0,1
TX03590,CUST0827,792.11,Card,Network Error,20,17,1,0
TX03591,CUST0846,5540.35,Card,None,17,9,0,1
TX03592,CUST0124,591.01,UPI,None,9,7,2,1
TX03593,CUST0985,926.13,UPI,None,9,9,0,1
TX03594,CUST0626,2365.27,Card,None,19,6,1,1
TX03595,CUST0790,1184.13,UPI,None,5,2,1,1
TX03596,CUST0414,274.67,UPI,None,6,3,2,1
TX03597,CUST0980,1317.91,UPI,Insufficient Funds,18,13,0,0
TX03598,CUST0725,724.59,UPI,None,1,1,0,1
TX03599,CUST0172,2583.75,UPI,None,17,15,1,1
TX03600,CUST0288,1275.66,Net Banking,None,14,5,1,1
TX03601,CUST0435,1205.33,Net Banking,Insufficient Funds,15,0,0,0
TX03602,CUST0686,384.43,UPI,Network Error,5,5,0,0
TX03603,CUST0113,871.29,UPI,None,17,17,3,1
TX03604,CUST0888,2893.15,Card,Insufficient Funds,11,11,1,0
TX03605,CUST0917,504.45,UPI,None,10,9,1,1
TX03606,CUST0995,1061.51,UPI,None,17,9,1,1
TX03607,CUST0122,429.9,UPI,None,1,0,0,1
TX03608,CUST0544,335.68,UPI,Insufficient Funds,5,5,3,0
TX03609,CUST0222,1007.41,Card,Authentication Failure,16,14,0,1
TX03610,CUST0631,1304.79,Net Banking,Authentication Failure,7,2,0,0
TX03611,CUST0039,8053.51,UPI,None,12,12,0,1
TX03612,CUST0497,695.44,UPI,Authentication Failure,8,6,0,0
TX03613,CUST0780,1042.97,UPI,None,18,17,0,1
TX03614,CUST0233,314.17,UPI,None,1,1,1,1
TX03615,CUST0943,2022.8,Wallet,None,20,1,2,1
TX03616,CUST0530,1632.87,Card,None,12,9,2,1
TX03617,CUST0149,4858.06,Card,None,4,4,0,1
TX03618,CUST0397,3332.98,Card,None,12,10,1,1
TX03619,CUST0661,1558.39,Net Banking,Authentication Failure,1,0,1,0
TX03620,CUST0638,685.35,Net Banking,None,1,0,0,1
TX03621,CUST0904,1345.7,UPI,None,3,0,0,1
TX03622,CUST0302,981.41,UPI,Authentication Failure,12,3,0,0
TX03623,CUST0360,2845.23,Card,None,13,0,0,1
TX03624,CUST0238,2505.47,UPI,None,13,0,0,1
TX03625,CUST0647,815.32,Wallet,None,9,3,1,1
TX03626,CUST0663,254.17,Card,None,18,17,1,1
TX03627,CUST0236,4160.49,Wallet,None,1,1,1,1
TX03628,CUST0736,1962.3,UPI,None,6,4,1,1
TX03629,CUST0203,796.73,Net Banking,Insufficient Funds,5,3,0,1
TX03630,CUST0256,1887.24,UPI,None,4,2,0,1
TX03631,CUST0598,1181.88,Wallet,None,6,2,0,1
TX03632,CUST0662,4099.49,UPI,None,3,1,0,1
TX03633,CUST0235,159.21,Card,None,17,5,2,1
TX03634,CUST0345,737.16,Card,None,11,5,1,1
TX03635,CUST0534,5426.53,UPI,Authentication Failure,4,0,0,0
TX03636,CUST0860,1926.0,Card,Network Error,20,16,0,1
TX03637,CUST0797,6454.98,Wallet,None,1,1,1,1
TX03638,CUST0781,323.17,UPI,Authentication Failure,4,4,1,1
TX03639,CUST0466,3204.13,Card,None,3,2,1,1
TX03640,CUST0770,3017.62,UPI,None,10,10,0,1
TX03641,CUST0541,204.03,Net Banking,None,1,1,0,1
TX03642,CUST0213,816.07,Card,None,4,2,0,1
TX03643,CUST0463,985.82,UPI,Bank Timeout,19,9,1,1
TX03644,CUST0436,217.12,UPI,None,1,1,0,1
TX03645,CUST0283,833.3,Card,None,16,8,0,1
TX03646,CUST0562,2625.91,UPI,Network Error,19,4,1,0
TX03647,CUST0607,741.8,UPI,Insufficient Funds,20,20,0,1
TX03648,CUST0463,1397.07,Card,Insufficient Funds,18,16,1,0
TX03649,CUST0407,1407.22,UPI,None,2,1,0,1
TX03650,CUST0088,1083.4,UPI,None,6,4,0,1
TX03651,CUST0044,541.76,Card,None,1,0,2,1
TX03652,CUST0461,2119.24,UPI,None,19,4,0,1
TX03653,CUST0278,224.3,UPI,Insufficient Funds,5,3,0,0
TX03654,CUST0683,1106.09,UPI,Authentication Failure,2,0,0,0
TX03655,CUST0421,4382.99,Card,Insufficient Funds,1,1,2,0
TX03656,CUST0701,701.08,Card,None,16,0,1,1
TX03657,CUST0353,529.89,Card,Insufficient Funds,2,1,3,0
TX03658,CUST0696,2265.42,UPI,Authentication Failure,4,2,1,0
TX03659,CUST0515,1291.33,UPI,None,3,1,1,1
TX03660,CUST0703,2311.03,UPI,None,17,2,0,1
TX03661,CUST0630,1139.68,UPI,Network Error,15,15,1,0
TX03662,CUST0019,100.66,Net Banking,None,10,6,0,1
TX03663,CUST0023,3568.55,UPI,Expired Card,12,7,1,0
TX03664,CUST0413,8690.85,UPI,None,12,10,1,1
TX03665,CUST0030,3960.17,UPI,Network Error,20,3,1,0
TX03666,CUST0807,31.85,Card,Bank Timeout,7,3,0,1
TX03667,CUST0108,1721.74,Card,None,10,9,1,1
TX03668,CUST0367,687.63,Card,Insufficient Funds,5,3,0,1
TX03669,CUST0281,370.83,Net Banking,None,20,10,0,1
TX03670,CUST0128,1239.83,Card,None,20,10,3,1
TX03671,CUST0229,944.88,UPI,None,11,5,0,1
TX03672,CUST0111,1823.76,UPI,None,2,0,0,1
TX03673,CUST0136,1160.47,Card,Network Error,16,10,1,1
TX03674,CUST0362,357.52,Card,Authentication Failure,12,1,1,0
TX03675,CUST0186,616.09,Card,None,16,8,2,1
TX03676,CUST0656,524.29,Card,None,4,2,1,1
TX03677,CUST0584,197.06,Card,None,2,0,0,1
TX03678,CUST0129,278.2,Net Banking,None,10,5,0,1
TX03679,CUST0876,887.96,Card,Expired Card,13,5,0,0
TX03680,CUST0261,4553.97,Card,None,19,17,0,1
TX03681,CUST0515,641.91,UPI,None,15,15,1,1
TX03682,CUST0449,514.18,Card,None,1,0,0,1
TX03683,CUST0900,336.54,Net Banking,None,17,0,0,1
TX03684,CUST0104,1130.64,UPI,Network Error,20,19,1,1
TX03685,CUST0483,3566.21,Card,None,4,1,0,1
TX03686,CUST0224,8124.85,Card,None,20,18,0,1
TX03687,CUST0832,1458.84,UPI,Insufficient Funds,9,0,0,0
TX03688,CUST0874,1261.42,Card,Bank Timeout,6,0,0,1
TX03689,CUST0866,636.85,UPI,Bank Timeout,3,2,0,1
TX03690,CUST0491,752.52,Wallet,Authentication Failure,2,0,1,0
TX03691,CUST0473,2057.35,Net Banking,Expired Card,18,16,2,0
TX03692,CUST0010,800.41,UPI,None,19,14,0,1
TX03693,CUST0405,932.36,UPI,None,7,4,0,1
TX03694,CUST0896,1069.19,Card,None,3,1,1,1
TX03695,CUST0302,607.39,UPI,Bank Timeout,18,10,0,1
TX03696,CUST0231,1017.42,UPI,None,20,20,0,1
TX03697,CUST0731,145.56,Card,None,20,1,0,1
TX03698,CUST0923,1898.53,UPI,None,19,19,1,1
TX03699,CUST0066,11519.22,UPI,Network Error,9,8,2,1
TX03700,CUST0937,631.41,Net Banking,None,16,1,3,1
TX03701,CUST0112,1593.74,Net Banking,None,6,3,1,1
TX03702,CUST0013,2569.78,Card,None,12,8,0,1
TX03703,CUST0393,3945.04,Net Banking,Network Error,6,3,1,1
TX03704,CUST0500,841.91,UPI,None,13,11,0,1
TX03705,CUST0932,180.67,UPI,None,5,4,2,1
TX03706,CUST0598,1432.58,UPI,None,13,3,2,1
TX03707,CUST0234,1247.17,Card,None,20,12,3,1
TX03708,CUST0602,776.14,Net Banking,None,7,6,2,1
TX03709,CUST0314,959.57,Card,None,12,3,0,1
TX03710,CUST0566,1266.08,Net Banking,None,4,1,1,1
TX03711,CUST0012,1574.61,Card,Bank Timeout,5,3,3,0
TX03712,CUST0209,1509.92,UPI,None,16,8,0,1
TX03713,CUST0974,882.11,UPI,None,4,3,1,1
TX03714,CUST0014,1610.47,UPI,Bank Timeout,8,0,2,0
TX03715,CUST0633,824.66,UPI,Network Error,16,2,0,0
TX03716,CUST0418,2083.96,Card,None,8,6,0,1
TX03717,CUST0437,585.55,UPI,None,17,16,0,1
TX03718,CUST0377,1179.75,Card,Bank Timeout,14,10,0,1
TX03719,CUST0020,216.21,Card,Network Error,12,7,0,1
TX03720,CUST0587,757.55,UPI,None,3,0,0,1
TX03721,CUST0912,1934.28,Card,None,20,7,1,1
TX03722,CUST0755,390.05,Card,None,2,0,0,1
TX03723,CUST0735,796.24,UPI,None,13,11,3,1
TX03724,CUST0070,98.98,Net Banking,None,11,10,0,1
TX03725,CUST0824,279.2,Card,None,12,11,2,1
TX03726,CUST0211,362.68,Card,None,18,12,0,1
TX03727,CUST0101,1214.09,Net Banking,None,9,8,1,1
TX03728,CUST0698,1530.59,Net Banking,None,7,3,1,1
TX03729,CUST0132,1036.85,Net Banking,None,6,0,1,1
TX03730,CUST0623,748.0,UPI,None,14,0,0,1
TX03731,CUST0381,750.62,UPI,None,18,11,0,1
TX03732,CUST0132,2244.07,UPI,Network Error,14,10,0,1
TX03733,CUST0020,1356.71,UPI,None,5,2,0,1
TX03734,CUST0906,785.29,Net Banking,Network Error,20,19,0,1
TX03735,CUST0536,3997.0,Card,None,13,10,0,1
TX03736,CUST0227,7707.7,UPI,None,1,1,1,1
TX03737,CUST0154,315.53,UPI,None,12,0,1,1
TX03738,CUST0805,1849.2,UPI,Authentication Failure,19,12,2,1
TX03739,CUST0742,24098.13,Card,None,10,3,0,1
TX03740,CUST0469,1451.29,Card,None,5,3,0,1
TX03741,CUST0822,1230.83,Net Banking,None,20,16,1,1
TX03742,CUST1000,1037.19,Net Banking,Authentication Failure,6,4,0,0
TX03743,CUST0871,1790.38,UPI,Expired Card,12,8,0,0
TX03744,CUST0405,2332.97,UPI,None,3,1,0,1
TX03745,CUST0202,315.84,UPI,None,14,14,1,1
TX03746,CUST0038,1067.97,UPI,None,4,2,2,1
TX03747,CUST0942,113.35,Net Banking,None,17,3,3,1
TX03748,CUST0772,889.52,Card,None,17,8,2,1
TX03749,CUST0188,444.66,Card,Insufficient Funds,14,6,1,0
TX03750,CUST0057,1539.45,Card,Network Error,15,13,2,1
TX03751,CUST0941,209.27,UPI,None,7,5,0,1
TX03752,CUST0020,657.0,UPI,None,4,1,1,1
TX03753,CUST0273,2882.88,Card,None,17,5,0,1
TX03754,CUST0119,557.61,Card,None,6,6,1,1
TX03755,CUST0583,163.21,UPI,None,11,2,0,1
TX03756,CUST0516,1418.75,Card,None,12,7,0,1
TX03757,CUST0221,610.01,Net Banking,None,15,0,0,1
TX03758,CUST0526,910.61,UPI,None,12,0,0,1
TX03759,CUST0515,528.55,Card,Bank Timeout,11,9,0,1
TX03760,CUST0728,7898.25,UPI,None,17,6,0,1
TX03761,CUST0741,230.89,Card,None,8,1,1,1
TX03762,CUST0336,18648.03,Card,None,12,5,2,1
TX03763,CUST0698,742.01,Wallet,None,9,4,1,1
TX03764,CUST0055,1317.44,UPI,Authentication Failure,11,5,1,0
TX03765,CUST0500,617.21,UPI,Insufficient Funds,3,0,1,0
TX03766,CUST0900,591.92,UPI,None,7,5,2,1
TX03767,CUST0888,500.28,UPI,Network Error,3,1,0,0
TX03768,CUST0766,2000.71,Card,None,16,7,0,1
TX03769,CUST0536,267.52,Net Banking,Expired Card,10,6,2,0
TX03770,CUST0162,1578.31,UPI,None,7,7,0,1
TX03771,CUST0670,123.41,UPI,None,20,8,0,1
TX03772,CUST0594,1441.63,UPI,None,15,0,1,1
TX03773,CUST0915,2563.54,Card,Bank Timeout,10,9,0,1
TX03774,CUST0159,306.58,UPI,None,12,8,0,1
TX03775,CUST0188,2161.9,UPI,Network Error,18,10,0,1
TX03776,CUST0060,1154.46,Card,None,9,2,1,1
TX03777,CUST0915,5423.12,UPI,Authentication Failure,9,1,3,0
TX03778,CUST0817,466.28,Card,None,4,2,0,1
TX03779,CUST0319,18324.35,Card,Authentication Failure,5,4,0,1
TX03780,CUST0878,100.41,UPI,None,7,6,0,1
TX03781,CUST0211,788.79,Card,None,7,3,1,1
TX03782,CUST0406,200.62,Card,Expired Card,11,3,0,0
TX03783,CUST0664,6981.75,Card,Expired Card,10,7,0,0
TX03784,CUST0109,844.12,UPI,None,11,9,0,1
TX03785,CUST0076,923.63,UPI,None,18,2,0,1
TX03786,CUST0542,1708.27,Net Banking,None,12,12,0,1
TX03787,CUST0314,1091.38,Card,None,16,16,1,1
TX03788,CUST0998,605.61,UPI,None,4,4,0,1
TX03789,CUST0117,312.11,UPI,None,17,7,1,1
TX03790,CUST0927,1297.91,UPI,None,17,17,0,1
TX03791,CUST0868,1601.72,UPI,Network Error,5,0,0,1
TX03792,CUST0704,2198.16,Card,Network Error,13,12,0,1
TX03793,CUST0019,7425.88,UPI,None,3,3,1,1
TX03794,CUST0432,124.74,UPI,None,17,17,0,1
TX03795,CUST0685,1024.83,Card,None,11,7,2,1
TX03796,CUST0740,3610.99,UPI,None,1,0,0,1
TX03797,CUST0350,968.24,Card,None,18,8,0,1
TX03798,CUST0183,105.83,Card,None,17,12,0,1
TX03799,CUST0113,301.56,UPI,None,9,9,0,1
TX03800,CUST0183,1523.2,Card,None,20,16,0,1
TX03801,CUST0481,1468.79,Card,Network Error,7,6,0,1
TX03802,CUST0146,2148.49,UPI,Network Error,5,1,0,1
TX03803,CUST0831,502.2,UPI,None,16,5,1,1
TX03804,CUST0628,1422.09,Card,None,7,4,1,1
TX03805,CUST0113,425.87,Net Banking,Expired Card,13,9,0,0
TX03806,CUST0763,1422.2,Card,None,13,11,0,1
TX03807,CUST0476,1156.57,UPI,Insufficient Funds,15,6,1,0
TX03808,CUST0763,482.58,Card,Network Error,17,1,0,0
TX03809,CUST0303,5209.21,UPI,Network Error,17,12,1,1
TX03810,CUST0971,199.21,Card,None,19,9,3,1
TX03811,CUST0825,951.82,Card,None,10,8,2,1
TX03812,CUST0118,472.05,Card,Insufficient Funds,2,0,0,0
TX03813,CUST0813,6865.07,Net Banking,None,14,14,0,1
TX03814,CUST0161,1995.0,Card,None,3,1,1,1
TX03815,CUST0401,572.89,Card,None,7,2,0,1
TX03816,CUST0198,829.05,UPI,None,11,6,1,1
TX03817,CUST0260,7053.35,Net Banking,Bank Timeout,17,3,0,1
TX03818,CUST0660,425.7,Net Banking,None,15,8,1,1
TX03819,CUST0752,187.83,UPI,Insufficient Funds,19,18,0,0
TX03820,CUST0047,1467.05,Card,Bank Timeout,11,1,0,1
TX03821,CUST0987,1500.63,UPI,None,15,11,1,1
TX03822,CUST0399,2134.6,Card,None,15,12,0,1
TX03823,CUST0710,2148.72,Card,Network Error,6,2,0,0
TX03824,CUST0559,6442.72,UPI,None,15,6,0,1
TX03825,CUST0078,196.74,Net Banking,Expired Card,9,5,0,0
TX03826,CUST0124,329.37,UPI,Network Error,5,2,1,0
TX03827,CUST0075,2126.44,Card,None,19,5,0,1
TX03828,CUST0871,362.99,Card,Insufficient Funds,5,5,0,0
TX03829,CUST0137,255.55,UPI,None,13,0,0,1
TX03830,CUST0602,7085.78,UPI,None,18,13,0,1
TX03831,CUST0400,217.03,UPI,Network Error,20,0,1,0
TX03832,CUST0837,771.8,Card,Insufficient Funds,17,5,0,0
TX03833,CUST0505,1033.42,Card,None,15,11,1,1
TX03834,CUST0500,4060.81,UPI,None,14,1,0,1
TX03835,CUST0573,169.22,UPI,None,16,16,0,1
TX03836,CUST0138,1661.5,UPI,None,4,2,1,1
TX03837,CUST0050,450.17,Card,None,17,1,0,1
TX03838,CUST0771,2054.14,Card,None,20,7,0,1
TX03839,CUST0973,442.83,UPI,None,14,4,0,1
TX03840,CUST0619,5283.3,Card,Insufficient Funds,18,1,0,0
TX03841,CUST0625,445.43,UPI,None,6,3,0,1
TX03842,CUST0862,93.51,Net Banking,None,8,1,1,1
TX03843,CUST0254,498.27,Net Banking,Bank Timeout,9,6,0,0
TX03844,CUST0630,844.46,Card,Network Error,1,0,0,1
TX03845,CUST0710,3236.84,Net Banking,Authentication Failure,13,0,3,0
TX03846,CUST0849,311.56,Net Banking,None,3,1,2,1
TX03847,CUST0877,317.78,Net Banking,None,6,5,0,1
TX03848,CUST0563,2865.73,Card,None,17,13,0,1
TX03849,CUST0757,277.21,UPI,None,8,3,0,1
TX03850,CUST0915,916.92,UPI,None,6,6,0,1
TX03851,CUST0426,935.75,UPI,None,16,14,0,1
TX03852,CUST0547,1363.19,Card,None,1,1,0,1
TX03853,CUST0302,518.09,UPI,None,10,1,0,1
TX03854,CUST0922,433.98,UPI,None,18,11,0,1
TX03855,CUST0581,1532.87,Card,None,14,5,0,1
TX03856,CUST0349,447.65,UPI,None,5,4,0,1
TX03857,CUST0832,281.47,Card,None,17,0,0,1
TX03858,CUST0933,3743.59,Net Banking,None,14,4,0,1
TX03859,CUST0980,1786.65,Card,None,18,0,1,1
TX03860,CUST0049,6422.11,Card,None,4,2,3,1
TX03861,CUST0917,2401.79,Card,None,20,15,3,1
TX03862,CUST0074,308.54,Card,None,2,1,0,1
TX03863,CUST0704,1207.57,UPI,Insufficient Funds,7,6,1,0
TX03864,CUST0261,397.17,Net Banking,None,7,5,0,1
TX03865,CUST0356,210.27,UPI,None,7,7,0,1
TX03866,CUST0582,701.21,UPI,Expired Card,13,13,1,1
TX03867,CUST0602,2926.41,Card,None,19,18,0,1
TX03868,CUST0260,1443.63,UPI,None,6,2,0,1
TX03869,CUST0638,272.9,UPI,None,20,12,0,1
TX03870,CUST0743,676.99,UPI,Network Error,17,11,0,0
TX03871,CUST0295,950.64,UPI,None,18,0,1,1
TX03872,CUST0931,202.53,UPI,None,1,0,3,1
TX03873,CUST0641,2237.63,UPI,None,13,10,0,1
TX03874,CUST0792,872.41,Card,None,19,11,2,1
TX03875,CUST0313,272.98,Net Banking,None,16,3,0,1
TX03876,CUST0612,257.97,UPI,Network Error,10,10,2,1
TX03877,CUST0838,3296.66,Net Banking,None,13,8,1,1
TX03878,CUST0809,749.34,UPI,None,10,7,0,1
TX03879,CUST0182,3605.99,UPI,None,14,2,0,1
TX03880,CUST0686,5282.5,UPI,None,9,1,0,1
TX03881,CUST0828,3048.63,Card,Bank Timeout,11,10,3,0
TX03882,CUST0364,643.27,UPI,None,3,0,0,1
TX03883,CUST0188,90.21,Card,None,8,0,1,1
TX03884,CUST0569,1499.66,Card,None,12,8,0,1
TX03885,CUST0543,8880.17,Card,None,3,3,2,1
TX03886,CUST0596,1058.5,Card,None,7,6,0,1
TX03887,CUST0664,149.93,Net Banking,Network Error,14,11,0,1
TX03888,CUST0985,558.43,UPI,None,7,1,0,1
TX03889,CUST0548,912.57,UPI,Bank Timeout,7,2,0,1
TX03890,CUST0725,365.77,Card,Network Error,14,4,0,0
TX03891,CUST0926,84.44,Card,Bank Timeout,12,1,0,1
TX03892,CUST0408,994.41,UPI,None,1,0,0,1
TX03893,CUST0876,500.26,UPI,None,5,4,0,1
TX03894,CUST0618,6455.53,Card,Expired Card,11,6,0,0
TX03895,CUST0414,1213.22,UPI,Network Error,1,0,0,1
TX03896,CUST0342,1753.87,UPI,Bank Timeout,13,1,0,1
TX03897,CUST0220,973.52,Net Banking,None,17,13,1,1
TX03898,CUST0903,1204.4,Card,None,3,0,0,1
TX03899,CUST0163,210.12,Card,Network Error,10,9,0,1
TX03900,CUST0951,387.55,Card,None,19,13,1,1
TX03901,CUST0220,3257.17,Net Banking,None,7,5,0,1
TX03902,CUST0270,1352.16,UPI,None,20,14,0,1
TX03903,CUST0632,736.19,UPI,None,3,0,0,1
TX03904,CUST0906,1783.21,Card,None,12,1,0,1
TX03905,CUST0848,1818.67,Card,None,10,5,1,1
TX03906,CUST0400,8029.64,UPI,None,12,5,0,1
TX03907,CUST0182,1290.86,Wallet,None,15,11,0,1
TX03908,CUST0991,378.98,Card,None,6,1,1,1
TX03909,CUST0618,976.82,UPI,None,19,3,0,1
TX03910,CUST0729,2013.37,UPI,Insufficient Funds,5,0,0,0
TX03911,CUST0205,2968.05,UPI,None,20,0,2,1
TX03912,CUST0582,218.1,Card,None,2,1,0,1
TX03913,CUST0556,1413.33,Wallet,Network Error,19,10,0,0
TX03914,CUST0841,447.08,UPI,Insufficient Funds,19,11,0,0
TX03915,CUST0813,622.27,Wallet,None,4,2,0,1
TX03916,CUST0228,2555.08,Net Banking,None,20,5,0,1
TX03917,CUST0696,2312.88,Card,None,5,3,1,1
TX03918,CUST0619,556.6,Card,None,7,4,0,1
TX03919,CUST0596,936.51,UPI,Network Error,4,3,0,0
TX03920,CUST0850,641.57,Card,Expired Card,11,9,0,0
TX03921,CUST0250,19765.69,UPI,Authentication Failure,3,3,3,0
TX03922,CUST0875,1448.61,Card,None,5,2,0,1
TX03923,CUST0441,473.67,UPI,None,20,19,0,1
TX03924,CUST0533,4114.07,Net Banking,Authentication Failure,15,15,0,0
TX03925,CUST0196,4261.86,Net Banking,None,18,18,0,1
TX03926,CUST0690,6579.21,UPI,None,16,6,0,1
TX03927,CUST0929,8848.42,UPI,Network Error,16,13,2,1
TX03928,CUST0987,2225.45,Card,None,10,3,0,1
TX03929,CUST0519,772.9,Card,None,1,0,0,1
TX03930,CUST0070,895.5,UPI,Insufficient Funds,11,10,0,0
TX03931,CUST0639,818.87,Card,None,17,7,1,1
TX03932,CUST0399,732.34,UPI,None,15,4,0,1
TX03933,CUST0978,3789.3,UPI,None,7,4,1,1
TX03934,CUST0672,1097.42,UPI,None,6,3,3,1
TX03935,CUST0760,2896.97,UPI,None,15,4,0,1
TX03936,CUST0203,2157.09,Card,None,15,7,3,1
TX03937,CUST0148,365.53,Wallet,None,7,6,0,1
TX03938,CUST0472,196.93,UPI,Insufficient Funds,3,0,0,0
TX03939,CUST0655,318.41,Card,None,14,2,1,1
TX03940,CUST0944,715.72,UPI,Bank Timeout,9,3,1,1
TX03941,CUST0199,1254.29,Card,None,3,2,1,1
TX03942,CUST0917,573.47,UPI,None,6,3,0,1
TX03943,CUST0426,2215.13,Card,None,20,19,2,1
TX03944,CUST0666,646.98,Net Banking,None,9,5,1,1
TX03945,CUST0492,1417.94,UPI,Network Error,1,1,0,0
TX03946,CUST0888,1233.46,Card,None,9,1,2,1
TX03947,CUST0896,6213.21,UPI,None,12,11,3,1
TX03948,CUST0142,413.54,UPI,None,4,1,0,1
TX03949,CUST0313,9980.81,UPI,None,16,2,1,1
TX03950,CUST0165,605.26,UPI,None,5,1,1,1
TX03951,CUST0314,287.13,UPI,None,17,6,1,1
TX03952,CUST0021,882.79,UPI,None,17,2,0,1
TX03953,CUST0082,28005.02,UPI,None,6,3,1,1
TX03954,CUST0581,2684.38,UPI,None,15,2,3,1
TX03955,CUST0131,2004.13,Card,None,1,0,0,1
TX03956,CUST0599,2428.88,Net Banking,None,13,13,1,1
TX03957,CUST0730,507.96,UPI,None,16,3,0,1
TX03958,CUST0933,1519.36,UPI,Bank Timeout,2,2,0,0
TX03959,CUST0984,1099.38,UPI,Network Error,19,9,0,0
TX03960,CUST0305,6694.67,Net Banking,Insufficient Funds,2,1,1,1
TX03961,CUST0915,983.69,Card,None,12,0,0,1
TX03962,CUST0371,751.24,Card,Expired Card,12,5,0,0
TX03963,CUST0857,342.13,UPI,None,8,7,0,1
TX03964,CUST0853,1261.45,UPI,Expired Card,12,11,0,0
TX03965,CUST0384,1469.9,UPI,None,11,7,0,1
TX03966,CUST0908,329.78,Net Banking,None,2,1,1,1
TX03967,CUST0445,1725.31,Net Banking,None,1,1,1,1
TX03968,CUST0425,1384.62,UPI,None,4,4,0,1
TX03969,CUST0161,3021.31,Card,Insufficient Funds,9,2,0,0
TX03970,CUST0178,3686.26,UPI,Network Error,7,5,1,1
TX03971,CUST0629,1205.05,UPI,Expired Card,10,1,0,0
TX03972,CUST0708,389.02,Net Banking,None,20,6,2,1
TX03973,CUST0895,477.89,Card,None,14,7,0,1
TX03974,CUST0490,6387.69,UPI,None,1,1,0,1
TX03975,CUST0327,1293.99,UPI,Expired Card,5,4,0,1
TX03976,CUST0598,6286.46,Net Banking,None,13,13,0,1
TX03977,CUST0289,1805.52,Card,Network Error,6,5,0,1
TX03978,CUST0593,2330.26,Card,None,17,0,0,1
TX03979,CUST0664,2803.78,UPI,None,15,8,0,1
TX03980,CUST0573,322.74,UPI,Authentication Failure,7,2,0,1
TX03981,CUST0573,1490.62,Wallet,None,8,3,0,1
TX03982,CUST0354,318.3,Card,None,2,1,2,1
TX03983,CUST0028,824.76,UPI,None,18,10,0,1
TX03984,CUST0954,2080.1,Card,Bank Timeout,7,4,1,0
TX03985,CUST0043,393.34,Card,None,20,17,1,1
TX03986,CUST0681,1918.57,UPI,None,16,6,0,1
TX03987,CUST0423,245.09,UPI,None,19,2,1,1
TX03988,CUST0598,3440.32,Card,None,9,7,0,1
TX03989,CUST0177,564.29,Card,None,12,3,0,1
TX03990,CUST0529,392.64,Card,None,14,11,0,1
TX03991,CUST0610,261.03,Net Banking,Authentication Failure,7,2,1,0
TX03992,CUST0966,614.4,UPI,Authentication Failure,2,0,0,0
TX03993,CUST0494,162.78,UPI,None,17,2,0,1
TX03994,CUST0198,633.72,Wallet,Network Error,11,10,0,0
TX03995,CUST0610,3292.78,UPI,None,18,4,0,1
TX03996,CUST0577,908.04,Card,None,12,8,0,1
TX03997,CUST0842,337.81,Card,None,3,2,3,1
TX03998,CUST0853,1375.07,Card,None,14,12,0,1
TX03999,CUST0517,1258.78,UPI,None,15,13,0,1
TX04000,CUST0514,7759.01,Card,None,19,17,0,1
TX04001,CUST0022,2418.06,Net Banking,Bank Timeout,10,6,0,1
TX04002,CUST0112,1488.61,Card,None,9,9,0,1
TX04003,CUST0057,2710.98,Card,None,10,7,2,1
TX04004,CUST0066,958.74,UPI,None,20,2,2,1
TX04005,CUST0842,1016.97,UPI,None,4,2,3,1
TX04006,CUST0098,5761.43,UPI,None,19,19,1,1
TX04007,CUST0144,213.67,UPI,None,10,10,1,1
TX04008,CUST0880,2886.92,Wallet,Bank Timeout,17,17,2,1
TX04009,CUST0435,981.62,Card,Network Error,12,9,2,0
TX04010,CUST0637,819.35,Card,None,1,1,2,1
TX04011,CUST0679,630.87,Card,None,11,8,2,1
TX04012,CUST0086,1278.8,UPI,Authentication Failure,13,2,1,0
TX04013,CUST0588,1049.92,Wallet,None,1,0,0,1
TX04014,CUST0344,724.37,UPI,None,1,0,0,1
TX04015,CUST0936,543.13,UPI,None,16,5,1,1
TX04016,CUST0294,163.15,Card,None,7,2,0,1
TX04017,CUST0956,531.76,Net Banking,Insufficient Funds,10,10,1,0
TX04018,CUST0571,657.01,Net Banking,None,16,2,1,1
TX04019,CUST0650,1275.68,UPI,None,1,0,0,1
TX04020,CUST0611,7809.42,Net Banking,None,9,5,0,1
TX04021,CUST0704,592.32,UPI,None,6,4,0,1
TX04022,CUST0243,393.97,UPI,Insufficient Funds,15,10,0,0
TX04023,CUST0831,536.73,Net Banking,None,4,2,0,1
TX04024,CUST0561,1278.37,Net Banking,None,15,12,1,1
TX04025,CUST0960,1975.62,Card,Authentication Failure,10,2,0,0
TX04026,CUST0032,2271.84,Card,None,16,5,0,1
TX04027,CUST0391,2509.17,Net Banking,None,13,7,0,1
TX04028,CUST0277,2890.63,Card,None,19,9,1,1
TX04029,CUST0532,829.74,Net Banking,None,20,18,0,1
TX04030,CUST0154,8545.33,Card,None,4,3,1,1
TX04031,CUST0383,769.11,Wallet,None,20,13,0,1
TX04032,CUST0068,1223.34,Wallet,None,16,10,0,1
TX04033,CUST0878,4007.12,UPI,Authentication Failure,11,10,0,0
TX04034,CUST0884,1932.22,Net Banking,None,15,4,3,1
TX04035,CUST0214,116.65,Card,None,11,8,0,1
TX04036,CUST0655,1102.83,UPI,None,11,9,1,1
TX04037,CUST0376,2596.62,Card,Bank Timeout,3,2,1,0
TX04038,CUST0744,286.15,UPI,None,17,9,1,1
TX04039,CUST0213,2323.18,Card,Insufficient Funds,5,2,0,0
TX04040,CUST0079,1619.96,Net Banking,None,13,12,1,1
TX04041,CUST0726,3582.87,UPI,Authentication Failure,10,10,2,0
TX04042,CUST0628,548.98,UPI,None,5,1,1,1
TX04043,CUST0604,2968.74,Net Banking,None,12,10,1,1
TX04044,CUST0782,1286.41,UPI,None,8,7,0,1
TX04045,CUST0923,6412.79,UPI,Bank Timeout,12,6,0,1
TX04046,CUST0381,17783.92,UPI,None,16,11,1,1
TX04047,CUST0680,5106.81,Card,None,2,0,0,1
TX04048,CUST0058,1773.16,Card,None,3,2,2,1
TX04049,CUST0796,11170.19,Net Banking,Insufficient Funds,18,3,3,0
TX04050,CUST0026,2005.16,Card,Network Error,17,15,1,1
TX04051,CUST0881,442.33,Net Banking,None,2,2,3,1
TX04052,CUST0447,1054.4,Card,None,12,9,0,1
TX04053,CUST0066,2348.83,UPI,None,17,15,2,1
TX04054,CUST0921,2504.77,Card,Insufficient Funds,6,4,0,0
TX04055,CUST0760,355.93,Card,Bank Timeout,17,15,0,1
TX04056,CUST0254,367.41,Card,None,2,0,1,1
TX04057,CUST0899,779.53,UPI,None,8,4,0,1
TX04058,CUST0968,1871.59,UPI,Expired Card,14,12,2,1
TX04059,CUST0044,2127.2,UPI,Insufficient Funds,6,4,0,0
TX04060,CUST0097,1263.08,UPI,None,9,2,2,1
TX04061,CUST0554,476.07,Card,None,1,0,0,1
TX04062,CUST0227,6228.82,UPI,None,5,2,1,1
TX04063,CUST0774,375.38,Card,None,7,4,1,1
TX04064,CUST0679,4033.3,UPI,None,9,4,1,1
TX04065,CUST0436,2295.77,UPI,None,14,14,0,1
TX04066,CUST0791,3945.51,Card,None,9,9,1,1
TX04067,CUST0601,703.15,UPI,None,4,3,0,1
TX04068,CUST0379,950.84,Net Banking,None,20,10,1,1
TX04069,CUST0178,1158.69,UPI,None,15,0,0,1
TX04070,CUST0427,681.03,UPI,Network Error,4,4,0,1
TX04071,CUST0915,1373.69,Net Banking,None,3,2,0,1
TX04072,CUST0709,5319.26,Card,None,14,3,0,1
TX04073,CUST0307,299.82,UPI,None,9,2,2,1
TX04074,CUST0779,568.38,UPI,Insufficient Funds,19,19,0,1
TX04075,CUST0504,509.92,Card,Network Error,6,2,1,1
TX04076,CUST0268,997.83,Wallet,None,3,1,0,1
TX04077,CUST0586,957.64,Net Banking,Authentication Failure,18,2,3,0
TX04078,CUST0008,2373.96,UPI,None,16,6,0,1
TX04079,CUST0920,1134.25,Wallet,Expired Card,3,1,0,0
TX04080,CUST0508,1484.57,UPI,None,2,1,1,1
TX04081,CUST0476,1633.45,UPI,None,2,0,1,1
TX04082,CUST0297,1401.65,Net Banking,None,10,4,0,1
TX04083,CUST0164,2215.68,UPI,None,15,7,0,1
TX04084,CUST0485,970.37,UPI,None,3,2,0,1
TX04085,CUST0597,5689.45,UPI,Bank Timeout,8,0,0,1
TX04086,CUST0072,13927.49,UPI,Insufficient Funds,18,18,1,0
TX04087,CUST0567,2222.15,Card,None,11,1,0,1
TX04088,CUST0905,1377.45,Card,None,7,1,0,1
TX04089,CUST0559,2047.92,UPI,None,19,11,0,1
TX04090,CUST0911,364.66,Card,None,7,0,0,1
TX04091,CUST0944,1313.05,Net Banking,None,2,0,1,1
TX04092,CUST0238,527.78,Net Banking,None,6,4,1,1
TX04093,CUST0104,1826.17,UPI,Network Error,5,2,0,0
TX04094,CUST0210,530.4,Wallet,None,14,11,0,1
TX04095,CUST0554,776.83,Card,None,18,11,0,1
TX04096,CUST0828,168.68,UPI,None,4,1,3,1
TX04097,CUST0468,339.26,UPI,None,4,1,0,1
TX04098,CUST0454,1563.8,UPI,None,13,5,0,1
TX04099,CUST0268,459.97,Card,Bank Timeout,1,1,0,1
TX04100,CUST0386,3177.26,UPI,None,20,1,3,1
TX04101,CUST0775,422.47,Card,None,5,2,1,1
TX04102,CUST0848,1725.47,UPI,Network Error,3,2,0,1
TX04103,CUST0387,511.9,Net Banking,None,19,7,0,1
TX04104,CUST0877,1612.39,UPI,Network Error,13,5,1,1
TX04105,CUST0259,236.33,Net Banking,None,7,4,0,1
TX04106,CUST0283,697.02,Net Banking,None,10,2,0,1
TX04107,CUST0626,470.5,UPI,Insufficient Funds,3,1,3,0
TX04108,CUST0875,2652.43,Card,Network Error,2,0,2,0
TX04109,CUST0040,1741.08,UPI,None,7,1,2,1
TX04110,CUST0486,319.71,Net Banking,None,9,6,0,1
TX04111,CUST0929,895.0,Card,Insufficient Funds,12,2,0,0
TX04112,CUST0220,506.58,UPI,None,10,5,0,1
TX04113,CUST0129,2836.3,UPI,None,19,12,1,1
TX04114,CUST0520,3910.91,UPI,Network Error,13,5,1,0
TX04115,CUST0613,259.4,Net Banking,None,10,7,1,1
TX04116,CUST0928,2506.65,Card,Network Error,5,5,2,1
TX04117,CUST0892,481.4,Net Banking,Network Error,15,2,1,1
TX04118,CUST0688,851.57,UPI,None,3,3,0,1
TX04119,CUST0619,1132.58,UPI,Bank Timeout,8,1,0,0
TX04120,CUST0613,6745.33,Wallet,None,6,0,0,1
TX04121,CUST0260,401.88,UPI,None,19,17,0,1
TX04122,CUST0990,2526.9,Net Banking,None,17,9,0,1
TX04123,CUST0966,339.85,UPI,Network Error,10,0,1,0
TX04124,CUST0366,317.16,UPI,Insufficient Funds,1,1,0,0
TX04125,CUST0758,1128.3,Card,None,13,4,1,1
TX04126,CUST0787,1120.72,Wallet,None,10,7,1,1
TX04127,CUST0544,64.57,Wallet,Authentication Failure,12,1,0,0
TX04128,CUST0649,3496.77,UPI,None,2,2,0,1
TX04129,CUST0524,129.14,UPI,None,10,10,0,1
TX04130,CUST0907,947.72,Card,None,1,0,0,1
TX04131,CUST0814,4136.54,Card,Expired Card,1,0,0,0
TX04132,CUST0887,9988.44,Card,Bank Timeout,20,18,1,1
TX04133,CUST0016,762.77,UPI,Network Error,15,5,1,0
TX04134,CUST0129,261.66,Wallet,None,1,1,0,1
TX04135,CUST0575,3986.02,Card,Insufficient Funds,9,4,0,0
TX04136,CUST0109,2604.92,Net Banking,None,7,3,1,1
TX04137,CUST0887,672.5,Card,Insufficient Funds,16,0,0,0
TX04138,CUST0533,592.45,UPI,None,16,6,0,1
TX04139,CUST0670,535.18,Wallet,None,13,9,2,1
TX04140,CUST0269,776.98,Card,None,10,8,0,1
TX04141,CUST0162,1504.28,Net Banking,None,18,15,1,1
TX04142,CUST0260,622.65,Wallet,Network Error,9,0,0,0
TX04143,CUST0924,706.57,Card,Authentication Failure,12,7,0,0
TX04144,CUST0102,2082.41,Card,None,13,4,0,1
TX04145,CUST0506,249.03,UPI,Insufficient Funds,11,5,2,0
TX04146,CUST0735,753.0,UPI,None,15,6,1,1
TX04147,CUST0571,205.22,UPI,Network Error,10,9,0,1
TX04148,CUST0247,1222.21,UPI,Insufficient Funds,10,6,2,0
TX04149,CUST0640,157.68,UPI,Network Error,9,6,0,0
TX04150,CUST0795,2670.47,UPI,None,3,2,0,1
TX04151,CUST0837,294.52,UPI,None,16,16,0,1
TX04152,CUST0537,186.31,UPI,Network Error,12,6,0,0
TX04153,CUST0131,762.34,UPI,None,17,2,0,1
TX04154,CUST0353,6069.96,UPI,Bank Timeout,15,4,0,0
TX04155,CUST0196,2233.2,Card,Authentication Failure,3,1,2,0
TX04156,CUST0793,160.4,Card,None,5,4,1,1
TX04157,CUST0916,286.25,UPI,Network Error,13,7,1,0
TX04158,CUST0930,738.34,Card,Network Error,6,6,0,1
TX04159,CUST0666,10284.09,Net Banking,None,9,6,1,1
TX04160,CUST0382,428.82,UPI,None,19,13,0,1
TX04161,CUST0645,432.3,Card,Insufficient Funds,7,6,1,0
TX04162,CUST0227,5051.44,Wallet,None,13,4,3,1
TX04163,CUST0701,1332.63,Net Banking,None,5,4,1,1
TX04164,CUST0476,3143.21,UPI,Insufficient Funds,16,3,0,0
TX04165,CUST0477,530.01,Card,None,4,3,0,1
TX04166,CUST0265,990.65,UPI,Insufficient Funds,5,4,3,0
TX04167,CUST0372,4087.27,Card,None,20,8,0,1
TX04168,CUST0486,948.76,Wallet,None,19,11,1,1
TX04169,CUST0434,3371.3,Card,Authentication Failure,6,5,0,0
TX04170,CUST0646,1615.29,Net Banking,None,4,0,0,1
TX04171,CUST0211,387.75,UPI,Bank Timeout,1,1,1,1
TX04172,CUST0572,1078.88,Wallet,Bank Timeout,17,6,0,0
TX04173,CUST0940,2925.98,Card,Network Error,9,4,0,1
TX04174,CUST0377,2141.83,UPI,None,16,3,0,1
TX04175,CUST0395,1053.37,Card,None,2,2,1,1
TX04176,CUST0450,165.39,UPI,Insufficient Funds,11,2,0,0
TX04177,CUST0943,182.0,UPI,None,5,0,0,1
TX04178,CUST0364,225.13,Net Banking,None,13,6,1,1
TX04179,CUST0876,658.23,UPI,None,20,8,0,1
TX04180,CUST0457,752.11,Card,None,17,1,0,1
TX04181,CUST0725,250.78,UPI,Insufficient Funds,15,15,0,0
TX04182,CUST0728,3048.83,UPI,Insufficient Funds,12,6,0,0
TX04183,CUST0226,309.89,Wallet,Expired Card,6,1,0,0
TX04184,CUST0982,278.51,UPI,None,20,1,2,1
TX04185,CUST0131,1197.79,Card,Network Error,13,12,1,0
TX04186,CUST0588,2904.18,Card,None,18,2,0,1
TX04187,CUST0476,8559.99,Card,None,15,12,0,1
TX04188,CUST0798,1963.62,Net Banking,None,15,9,0,1
TX04189,CUST0986,5323.2,Card,Insufficient Funds,8,2,0,1
TX04190,CUST0277,326.34,UPI,Bank Timeout,19,19,2,1
TX04191,CUST0156,9506.58,Net Banking,Authentication Failure,14,5,0,0
TX04192,CUST0760,170.46,UPI,Insufficient Funds,7,2,2,0
TX04193,CUST0218,662.59,Card,Insufficient Funds,14,12,0,1
TX04194,CUST0190,1921.1,Wallet,None,5,0,0,1
TX04195,CUST0417,220.25,Card,Insufficient Funds,15,1,0,0
TX04196,CUST0981,433.96,Net Banking,None,15,6,0,1
TX04197,CUST0675,370.21,Card,None,4,1,1,1
TX04198,CUST0692,804.14,Net Banking,None,1,0,0,1
TX04199,CUST0546,4544.09,Net Banking,None,17,9,0,1
TX04200,CUST0041,1115.24,UPI,None,20,19,1,1
TX04201,CUST0307,690.17,UPI,None,1,0,1,1
TX04202,CUST0943,61.29,Card,None,16,16,2,1
TX04203,CUST0338,1748.92,Card,Authentication Failure,13,2,0,0
TX04204,CUST0314,2416.35,UPI,Bank Timeout,18,3,1,0
TX04205,CUST0075,200.33,UPI,None,10,10,0,1
TX04206,CUST0953,1025.59,UPI,None,18,16,1,1
TX04207,CUST0279,1330.1,Wallet,None,17,9,2,1
TX04208,CUST0176,2877.28,Card,None,9,5,0,1
TX04209,CUST0896,531.25,UPI,None,14,0,0,1
TX04210,CUST0662,456.98,UPI,Expired Card,13,11,3,0
TX04211,CUST0273,694.72,UPI,None,20,9,0,1
TX04212,CUST0837,3961.73,UPI,None,20,9,2,1
TX04213,CUST0620,3114.57,UPI,None,14,5,0,1
TX04214,CUST0651,1073.47,Net Banking,None,11,0,1,1
TX04215,CUST0862,3040.5,Wallet,None,13,9,2,1
TX04216,CUST0783,102.65,UPI,None,17,1,0,1
TX04217,CUST0859,2420.32,UPI,Authentication Failure,3,3,0,0
TX04218,CUST0931,358.25,UPI,None,1,1,0,1
TX04219,CUST0289,6419.04,Card,None,5,2,0,1
TX04220,CUST0724,378.33,UPI,None,13,12,0,1
TX04221,CUST0893,467.42,UPI,None,5,4,1,1
TX04222,CUST0272,1924.5,UPI,None,5,3,2,1
TX04223,CUST0930,2119.54,Card,None,12,5,1,1
TX04224,CUST0066,701.81,Card,None,2,1,1,1
TX04225,CUST0483,1589.86,Card,None,16,6,1,1
TX04226,CUST0936,1799.71,UPI,None,17,11,1,1
TX04227,CUST0248,1624.76,Net Banking,None,5,1,1,1
TX04228,CUST0156,731.75,Wallet,None,12,1,0,1
TX04229,CUST0047,1817.49,UPI,None,15,7,0,1
TX04230,CUST0935,4475.49,UPI,None,6,4,0,1
TX04231,CUST0454,321.99,Card,None,13,12,1,1
TX04232,CUST0201,473.4,UPI,None,11,8,0,1
TX04233,CUST0660,1126.93,UPI,None,17,4,0,1
TX04234,CUST0124,381.37,Card,None,9,6,0,1
TX04235,CUST0001,180.66,Card,None,16,11,3,1
TX04236,CUST0968,3271.89,UPI,None,17,13,1,1
TX04237,CUST0759,118.06,Card,Authentication Failure,20,0,0,0
TX04238,CUST0855,733.35,Wallet,Network Error,18,9,1,0
TX04239,CUST0640,2342.43,UPI,Bank Timeout,13,9,2,1
TX04240,CUST0191,1431.82,Card,Insufficient Funds,11,8,0,0
TX04241,CUST0579,744.53,UPI,Expired Card,13,8,0,1
TX04242,CUST0516,365.97,UPI,Network Error,13,9,0,0
TX04243,CUST0442,1546.68,Card,None,12,6,0,1
TX04244,CUST0921,408.14,UPI,None,14,11,2,1
TX04245,CUST0815,1430.72,UPI,None,13,11,1,1
TX04246,CUST0806,1262.59,UPI,None,9,9,1,1
TX04247,CUST0143,1275.42,Card,Expired Card,14,14,0,0
TX04248,CUST0191,578.06,Card,None,1,0,3,1
TX04249,CUST0533,8391.79,UPI,Network Error,9,4,0,0
TX04250,CUST0227,1569.02,Card,None,4,4,0,1
TX04251,CUST0313,829.89,UPI,None,12,1,0,1
TX04252,CUST0629,1428.34,Card,None,14,10,1,1
TX04253,CUST0949,505.5,UPI,None,9,9,1,1
TX04254,CUST0302,745.23,Card,None,3,2,0,1
TX04255,CUST0654,11991.1,Wallet,Network Error,6,1,1,0
TX04256,CUST0996,509.09,Net Banking,Insufficient Funds,3,2,0,1
TX04257,CUST0460,1014.58,UPI,Insufficient Funds,1,0,0,0
TX04258,CUST0401,694.99,Net Banking,None,3,2,0,1
TX04259,CUST0551,387.75,UPI,Insufficient Funds,14,4,0,0
TX04260,CUST0393,1670.85,Wallet,None,20,13,1,1
TX04261,CUST0867,1137.37,UPI,None,2,2,1,1
TX04262,CUST0764,2727.19,UPI,Network Error,12,5,0,1
TX04263,CUST0845,2466.56,UPI,None,10,5,0,1
TX04264,CUST0207,2699.19,UPI,None,13,3,2,1
TX04265,CUST0210,437.82,Card,None,20,8,0,1
TX04266,CUST0115,2081.74,Net Banking,Network Error,4,2,0,1
TX04267,CUST0737,2132.97,Card,None,19,14,0,1
TX04268,CUST0646,395.02,Card,None,1,0,0,1
TX04269,CUST0251,797.42,Card,None,11,10,0,1
TX04270,CUST0219,255.67,UPI,Network Error,16,9,0,1
TX04271,CUST0407,2142.27,UPI,Insufficient Funds,19,1,0,0
TX04272,CUST0443,2132.44,UPI,None,19,13,0,1
TX04273,CUST0603,4584.16,UPI,None,12,3,0,1
TX04274,CUST0354,872.36,UPI,None,3,1,1,1
TX04275,CUST0888,1722.39,UPI,None,18,4,1,1
TX04276,CUST0558,2944.62,UPI,Network Error,17,13,0,0
TX04277,CUST0550,516.0,UPI,None,5,2,0,1
TX04278,CUST0142,443.21,Net Banking,None,16,5,0,1
TX04279,CUST0612,532.25,UPI,Network Error,14,10,0,1
TX04280,CUST0501,773.33,Card,None,19,14,1,1
TX04281,CUST0840,459.18,Card,Network Error,6,5,0,0
TX04282,CUST0702,555.67,Card,Bank Timeout,3,3,0,0
TX04283,CUST0547,2646.29,UPI,Bank Timeout,6,3,0,1
TX04284,CUST0659,995.91,UPI,None,12,11,0,1
TX04285,CUST0542,1490.25,UPI,None,20,3,0,1
TX04286,CUST0846,632.25,UPI,Expired Card,11,4,2,0
TX04287,CUST0507,592.08,UPI,None,7,5,1,1
TX04288,CUST0596,1459.07,Card,None,1,0,0,1
TX04289,CUST0881,1243.97,Card,None,16,6,2,1
TX04290,CUST0281,2387.46,Card,None,16,3,0,1
TX04291,CUST0424,4030.29,UPI,Authentication Failure,17,14,0,1
TX04292,CUST0856,549.27,UPI,None,15,0,2,1
TX04293,CUST0270,2594.59,Net Banking,None,9,8,0,1
TX04294,CUST0154,372.48,UPI,Insufficient Funds,5,3,2,0
TX04295,CUST0614,8723.53,Card,Authentication Failure,20,7,1,0
TX04296,CUST0727,499.54,Card,None,8,6,3,1
TX04297,CUST0662,2187.75,UPI,None,1,1,1,1
TX04298,CUST0944,369.73,UPI,None,7,1,0,1
TX04299,CUST0083,941.91,Card,None,11,0,2,1
TX04300,CUST0622,5144.76,UPI,Insufficient Funds,20,8,0,0
TX04301,CUST0947,484.1,UPI,None,13,6,1,1
TX04302,CUST0899,9938.65,UPI,None,13,13,0,1
TX04303,CUST0426,1090.86,UPI,None,7,1,1,1
TX04304,CUST0275,2909.43,Card,None,11,0,1,1
TX04305,CUST0713,1640.81,Net Banking,None,18,12,1,1
TX04306,CUST0284,1732.01,UPI,None,1,1,1,1
TX04307,CUST0980,263.46,Net Banking,Network Error,12,4,1,0
TX04308,CUST0173,683.45,Wallet,None,3,0,0,1
TX04309,CUST0327,3626.33,Wallet,Authentication Failure,1,1,2,1
TX04310,CUST0718,777.19,Net Banking,None,4,4,1,1
TX04311,CUST0063,1259.96,UPI,None,6,2,1,1
TX04312,CUST0073,233.36,UPI,None,5,2,3,1
TX04313,CUST0763,640.61,Card,None,11,4,0,1
TX04314,CUST0636,3371.25,Card,None,20,3,0,1
TX04315,CUST0375,304.1,Net Banking,None,13,4,1,1
TX04316,CUST0633,2246.39,Wallet,Network Error,11,6,0,0
TX04317,CUST0508,1309.99,Card,Network Error,6,4,0,0
TX04318,CUST0787,866.14,UPI,None,19,14,2,1
TX04319,CUST0943,828.88,UPI,None,15,13,0,1
TX04320,CUST0398,671.13,UPI,Insufficient Funds,13,13,2,0
TX04321,CUST0120,733.65,Card,None,10,7,3,1
TX04322,CUST0934,2778.7,Card,Expired Card,1,1,0,0
TX04323,CUST0437,711.91,Net Banking,Bank Timeout,13,2,1,1
TX04324,CUST0829,6684.79,Card,None,6,4,0,1
TX04325,CUST0676,1479.61,Net Banking,None,20,11,1,1
TX04326,CUST0936,616.3,Card,None,12,3,0,1
TX04327,CUST0465,2902.61,Net Banking,Network Error,17,13,2,0
TX04328,CUST0286,2046.52,UPI,None,18,4,0,1
TX04329,CUST0265,209.73,Net Banking,Bank Timeout,8,7,1,1
TX04330,CUST0320,389.76,Card,None,14,3,1,1
TX04331,CUST0673,977.09,UPI,None,5,4,0,1
TX04332,CUST0376,225.07,UPI,None,2,2,1,1
TX04333,CUST0820,8870.89,Net Banking,None,11,2,3,1
TX04334,CUST0089,2495.47,UPI,None,3,0,1,1
TX04335,CUST0654,1082.11,Card,None,16,3,1,1
TX04336,CUST0203,778.44,UPI,None,16,5,0,1
TX04337,CUST0821,602.05,Card,None,9,2,0,1
TX04338,CUST0739,153.85,Net Banking,None,13,13,0,1
TX04339,CUST0955,193.86,UPI,Network Error,10,0,0,1
TX04340,CUST0334,7340.2,UPI,None,17,2,0,1
TX04341,CUST0222,5290.14,Wallet,None,17,7,1,1
TX04342,CUST0041,616.6,Card,Bank Timeout,10,5,0,1
TX04343,CUST0708,2718.94,Net Banking,Insufficient Funds,8,6,0,0
TX04344,CUST0068,1819.69,UPI,None,7,1,1,1
TX04345,CUST0988,2047.32,UPI,None,14,8,0,1
TX04346,CUST0776,263.7,UPI,Network Error,18,2,0,0
TX04347,CUST0514,179.8,Card,Network Error,19,17,0,1
TX04348,CUST0873,3578.13,UPI,Bank Timeout,18,15,0,1
TX04349,CUST0637,151.52,UPI,None,14,4,3,1
TX04350,CUST0622,945.59,UPI,None,10,0,2,1
TX04351,CUST0598,759.22,UPI,None,1,0,0,1
TX04352,CUST0937,692.18,Net Banking,Network Error,9,9,0,1
TX04353,CUST0632,1501.85,UPI,None,18,15,2,1
TX04354,CUST0127,556.91,Card,None,13,11,2,1
TX04355,CUST0255,1629.02,Net Banking,Network Error,17,5,0,1
TX04356,CUST0695,1262.89,UPI,None,16,8,1,1
TX04357,CUST0016,8943.95,Card,None,11,4,0,1
TX04358,CUST0477,274.4,Wallet,None,9,7,0,1
TX04359,CUST0062,1129.2,Wallet,None,7,7,0,1
TX04360,CUST0881,1688.08,UPI,None,1,1,3,1
TX04361,CUST0432,848.61,UPI,None,9,1,1,1
TX04362,CUST0670,287.99,UPI,None,10,2,0,1
TX04363,CUST0268,3854.91,Card,None,16,5,1,1
TX04364,CUST0035,1536.0,Card,None,18,15,0,1
TX04365,CUST0779,308.93,Card,None,14,6,0,1
TX04366,CUST0576,1700.48,UPI,None,11,6,0,1
TX04367,CUST0494,6012.32,UPI,None,4,3,1,1
TX04368,CUST0562,1057.52,Card,None,19,18,0,1
TX04369,CUST0469,1094.21,Card,None,13,0,0,1
TX04370,CUST0767,5260.62,Card,None,1,1,0,1
TX04371,CUST0661,415.56,UPI,None,19,18,1,1
TX04372,CUST0325,6170.6,UPI,None,15,15,0,1
TX04373,CUST0304,2901.29,UPI,None,20,15,0,1
TX04374,CUST0276,435.19,UPI,Bank Timeout,15,14,0,1
TX04375,CUST0869,562.13,UPI,None,11,2,0,1
TX04376,CUST0963,648.84,UPI,None,5,2,1,1
TX04377,CUST0684,175.29,UPI,None,10,8,2,1
TX04378,CUST0929,1422.93,UPI,Network Error,18,15,0,1
TX04379,CUST0201,455.34,UPI,None,7,6,1,1
TX04380,CUST0445,1475.2,Card,None,1,1,0,1
TX04381,CUST0905,301.59,UPI,None,3,0,0,1
TX04382,CUST0324,2760.08,Card,None,1,0,0,1
TX04383,CUST0035,2293.02,Card,Authentication Failure,17,9,1,0
TX04384,CUST0977,541.38,Card,None,15,12,2,1
TX04385,CUST0482,1571.29,Wallet,Bank Timeout,5,3,1,1
TX04386,CUST0728,1191.44,UPI,None,16,16,0,1
TX04387,CUST0480,4828.54,Card,None,12,11,1,1
TX04388,CUST0065,390.54,Wallet,None,19,3,1,1
TX04389,CUST0008,941.71,Net Banking,None,14,14,0,1
TX04390,CUST0301,577.85,UPI,None,3,0,3,1
TX04391,CUST0343,1146.9,UPI,None,19,10,0,1
TX04392,CUST0431,1869.21,UPI,None,1,0,1,1
TX04393,CUST0424,571.46,Card,Bank Timeout,1,0,0,0
TX04394,CUST0332,761.96,Card,None,10,3,1,1
TX04395,CUST0438,2881.43,UPI,None,3,2,1,1
TX04396,CUST0588,4261.28,Card,None,13,4,0,1
TX04397,CUST0174,1796.36,Card,None,6,1,3,1
TX04398,CUST0559,955.31,UPI,None,11,6,0,1
TX04399,CUST0527,868.62,Net Banking,Network Error,6,4,0,1
TX04400,CUST0873,1897.18,Card,Authentication Failure,3,1,2,0
TX04401,CUST0659,1377.14,UPI,None,16,12,0,1
TX04402,CUST0026,210.82,Card,None,9,3,0,1
TX04403,CUST0820,1943.77,UPI,None,8,3,1,1
TX04404,CUST0605,463.79,Card,Insufficient Funds,3,1,1,0
TX04405,CUST0406,265.88,Wallet,None,5,1,3,1
TX04406,CUST0232,206.78,Net Banking,None,14,1,1,1
TX04407,CUST0533,883.5,UPI,Expired Card,5,3,1,0
TX04408,CUST0819,396.82,UPI,Bank Timeout,19,19,2,0
TX04409,CUST0550,107.09,UPI,None,5,4,0,1
TX04410,CUST0788,766.28,Card,Authentication Failure,20,19,0,0
TX04411,CUST0505,671.44,UPI,None,20,18,1,1
TX04412,CUST0669,943.97,Card,None,2,2,0,1
TX04413,CUST0179,584.7,UPI,None,7,1,0,1
TX04414,CUST0132,6831.71,UPI,Bank Timeout,1,1,1,1
TX04415,CUST0823,1839.66,UPI,None,18,15,3,1
TX04416,CUST0455,665.4,Wallet,None,10,10,0,1
TX04417,CUST0348,1029.03,Card,Authentication Failure,6,4,0,1
TX04418,CUST0540,4512.66,UPI,None,7,7,0,1
TX04419,CUST0772,2854.42,UPI,Network Error,12,0,0,1
TX04420,CUST0406,271.45,Card,None,18,14,0,1
TX04421,CUST0076,413.94,UPI,None,11,0,1,1
TX04422,CUST0941,501.78,Card,None,19,4,0,1
TX04423,CUST0579,706.48,Net Banking,Insufficient Funds,4,2,0,0
TX04424,CUST0854,604.61,Card,None,19,19,2,1
TX04425,CUST0492,1134.57,Card,None,13,0,1,1
TX04426,CUST0194,2288.66,Card,None,19,11,0,1
TX04427,CUST0984,2704.47,Net Banking,Network Error,2,1,0,0
TX04428,CUST0162,790.92,Net Banking,None,9,6,0,1
TX04429,CUST0347,213.86,Card,None,8,3,3,1
TX04430,CUST0951,387.45,UPI,None,14,2,0,1
TX04431,CUST0361,652.12,Card,Insufficient Funds,9,6,2,0
TX04432,CUST0769,315.75,UPI,None,13,1,1,1
TX04433,CUST0584,3431.86,Card,None,18,16,0,1
TX04434,CUST0087,337.13,Card,Authentication Failure,6,2,0,0
TX04435,CUST0934,2032.58,UPI,Bank Timeout,3,3,2,1
TX04436,CUST0262,204.0,UPI,None,10,7,0,1
TX04437,CUST0214,2115.83,Card,Expired Card,10,5,0,0
TX04438,CUST0665,954.06,Net Banking,None,10,8,0,1
TX04439,CUST0722,4976.74,Card,None,9,0,0,1
TX04440,CUST0913,353.7,Card,None,12,0,0,1
TX04441,CUST0573,623.83,UPI,None,8,4,3,1
TX04442,CUST0780,757.15,Card,Network Error,9,5,0,1
TX04443,CUST0262,941.52,UPI,None,17,7,1,1
TX04444,CUST0730,775.9,Card,None,8,2,0,1
TX04445,CUST0283,791.02,UPI,None,18,5,0,1
TX04446,CUST0648,778.16,Card,None,20,2,0,1
TX04447,CUST0467,138.22,UPI,None,17,7,3,1
TX04448,CUST0380,2961.15,UPI,None,6,3,0,1
TX04449,CUST0362,19170.67,Wallet,None,10,10,1,1
TX04450,CUST0449,1477.74,UPI,Network Error,1,0,0,1
TX04451,CUST0441,352.22,UPI,None,1,1,1,1
TX04452,CUST0093,389.73,Card,None,9,3,0,1
TX04453,CUST0621,2024.69,Net Banking,None,20,1,0,1
TX04454,CUST0753,1612.38,UPI,None,3,3,1,1
TX04455,CUST0867,825.27,Card,Authentication Failure,6,0,0,0
TX04456,CUST0424,2329.49,Net Banking,Network Error,7,6,0,1
TX04457,CUST0142,139.23,UPI,None,9,9,0,1
TX04458,CUST0291,2331.02,UPI,None,5,4,1,1
TX04459,CUST0432,1390.98,UPI,None,16,14,0,1
TX04460,CUST0749,405.07,Net Banking,None,2,1,0,1
TX04461,CUST0852,261.56,UPI,None,3,2,1,1
TX04462,CUST0824,1238.09,UPI,Bank Timeout,3,1,0,0
TX04463,CUST0689,4479.37,Card,Network Error,20,12,0,1
TX04464,CUST0653,872.97,Card,None,10,3,1,1
TX04465,CUST0701,467.46,UPI,Insufficient Funds,3,3,2,0
TX04466,CUST0998,1327.81,Card,Network Error,15,0,0,0
TX04467,CUST0049,6774.17,UPI,Network Error,14,14,1,1
TX04468,CUST0302,1688.0,UPI,Authentication Failure,4,0,0,0
TX04469,CUST0881,1880.71,Card,None,10,9,0,1
TX04470,CUST0190,3724.91,Net Banking,None,11,7,0,1
TX04471,CUST0136,1759.1,UPI,Insufficient Funds,11,6,0,0
TX04472,CUST0555,502.22,Net Banking,Network Error,8,5,0,1
TX04473,CUST0404,191.6,Card,Authentication Failure,9,2,1,0
TX04474,CUST0892,436.31,UPI,None,8,3,0,1
TX04475,CUST0865,363.32,Card,None,12,1,0,1
TX04476,CUST0602,2120.29,UPI,None,17,1,0,1
TX04477,CUST0807,2436.57,Wallet,None,15,13,0,1
TX04478,CUST0341,1307.11,Net Banking,None,19,14,0,1
TX04479,CUST0757,308.37,UPI,None,20,9,0,1
TX04480,CUST0945,6545.92,UPI,None,6,0,0,1
TX04481,CUST0704,723.28,UPI,None,5,5,1,1
TX04482,CUST0318,2005.16,UPI,None,8,3,0,1
TX04483,CUST0618,1152.08,UPI,None,18,14,1,1
TX04484,CUST0363,1351.09,UPI,None,15,7,3,1
TX04485,CUST0822,1935.62,Card,None,3,0,0,1
TX04486,CUST0382,546.74,UPI,Authentication Failure,14,8,0,1
TX04487,CUST0233,4045.67,Net Banking,None,15,5,0,1
TX04488,CUST0777,225.99,Net Banking,None,13,13,0,1
TX04489,CUST0344,388.17,Card,Bank Timeout,20,17,1,1
TX04490,CUST0549,3993.52,Net Banking,None,9,7,0,1
TX04491,CUST0817,1978.32,UPI,Network Error,17,4,0,1
TX04492,CUST0553,13910.39,UPI,None,19,4,0,1
TX04493,CUST0529,1174.21,Card,Authentication Failure,4,1,0,0
TX04494,CUST0856,6005.49,Card,None,20,11,0,1
TX04495,CUST0789,171.15,Card,Expired Card,10,9,0,0
TX04496,CUST0819,266.8,Net Banking,Bank Timeout,3,1,0,1
TX04497,CUST0571,2685.24,Wallet,None,19,0,0,1
TX04498,CUST0935,192.41,Card,None,9,1,0,1
TX04499,CUST0183,900.21,Card,None,5,2,1,1
TX04500,CUST0041,3523.5,UPI,None,14,6,0,1
TX04501,CUST0551,1810.16,UPI,None,7,3,0,1
TX04502,CUST0397,1108.87,Card,Expired Card,6,2,0,0
TX04503,CUST0704,699.87,UPI,None,8,8,1,1
TX04504,CUST0779,1342.42,UPI,None,2,2,0,1
TX04505,CUST0494,1953.25,UPI,Network Error,14,8,0,1
TX04506,CUST0659,566.29,Card,None,7,5,0,1
TX04507,CUST0907,1590.39,UPI,None,3,2,3,1
TX04508,CUST0333,3224.17,Card,Network Error,20,13,1,0
TX04509,CUST0127,877.89,UPI,Network Error,6,4,0,1
TX04510,CUST0558,1173.94,UPI,None,14,2,0,1
TX04511,CUST0557,1778.95,UPI,Authentication Failure,12,8,0,0
TX04512,CUST0001,1903.28,UPI,None,18,9,0,1
TX04513,CUST0168,2639.79,Net Banking,None,12,11,1,1
TX04514,CUST0620,397.67,UPI,None,7,7,1,1
TX04515,CUST0019,646.18,UPI,None,5,0,0,1
TX04516,CUST0332,670.57,Card,None,12,5,1,1
TX04517,CUST0584,444.12,Card,None,9,6,0,1
TX04518,CUST0456,181.56,UPI,Bank Timeout,11,10,0,1
TX04519,CUST0957,42.33,UPI,None,4,3,0,1
TX04520,CUST0109,3624.43,Wallet,Bank Timeout,14,11,0,1
TX04521,CUST0268,231.85,Card,None,12,1,0,1
TX04522,CUST0445,5252.76,UPI,Expired Card,18,13,0,1
TX04523,CUST0240,2297.12,Card,None,7,0,0,1
TX04524,CUST0929,730.93,UPI,None,1,1,0,1
TX04525,CUST0301,2031.28,UPI,None,13,0,2,1
TX04526,CUST0602,1677.62,Card,Insufficient Funds,16,3,3,0
TX04527,CUST0103,364.39,Net Banking,Insufficient Funds,5,3,0,1
TX04528,CUST0988,1080.33,UPI,None,19,5,1,1
TX04529,CUST0250,411.64,Net Banking,None,9,7,1,1
TX04530,CUST0453,2109.33,UPI,None,9,8,1,1
TX04531,CUST0520,536.35,UPI,Expired Card,12,3,0,0
TX04532,CUST0153,995.62,UPI,Authentication Failure,18,0,0,0
TX04533,CUST0859,953.56,UPI,Expired Card,10,4,0,0
TX04534,CUST0174,1238.4,Net Banking,Insufficient Funds,17,15,0,0
TX04535,CUST0343,5782.29,Card,Insufficient Funds,19,5,0,0
TX04536,CUST0670,861.81,UPI,None,11,4,1,1
TX04537,CUST0431,3706.81,Wallet,Bank Timeout,16,9,0,0
TX04538,CUST0727,1772.24,Net Banking,Network Error,8,4,0,0
TX04539,CUST0689,4529.66,Card,Expired Card,15,7,0,0
TX04540,CUST0687,781.77,Net Banking,None,11,10,0,1
TX04541,CUST0852,2199.83,UPI,None,7,0,1,1
TX04542,CUST0850,1033.53,Net Banking,None,2,0,1,1
TX04543,CUST0658,55.18,Card,None,19,0,1,1
TX04544,CUST0962,368.76,Net Banking,None,9,6,0,1
TX04545,CUST0324,1963.29,Card,None,18,14,0,1
TX04546,CUST0990,1837.69,UPI,None,13,6,1,1
TX04547,CUST0673,300.37,Card,None,1,0,0,1
TX04548,CUST0639,1366.99,UPI,None,19,13,0,1
TX04549,CUST0420,1813.95,UPI,None,13,6,0,1
TX04550,CUST0594,1059.27,UPI,Authentication Failure,14,10,3,0
TX04551,CUST0485,2272.92,Net Banking,Network Error,17,8,2,0
TX04552,CUST0659,1983.38,UPI,None,20,7,0,1
TX04553,CUST0751,1058.76,Card,Network Error,1,1,0,1
TX04554,CUST0412,657.98,UPI,Network Error,5,2,1,0
TX04555,CUST0936,3110.51,Wallet,None,20,19,0,1
TX04556,CUST0084,1742.65,UPI,None,14,3,0,1
TX04557,CUST0113,275.49,Card,None,18,16,0,1
TX04558,CUST0737,1367.72,Net Banking,None,13,5,0,1
TX04559,CUST0332,346.88,UPI,Network Error,12,1,0,0
TX04560,CUST0378,417.98,UPI,None,15,14,0,1
TX04561,CUST0755,571.4,Card,None,4,0,3,1
TX04562,CUST0655,1146.96,Net Banking,Expired Card,9,0,0,0
TX04563,CUST0041,1594.77,Card,None,3,0,0,1
TX04564,CUST0935,728.55,UPI,Network Error,11,10,0,1
TX04565,CUST0770,761.14,Net Banking,None,15,12,0,1
TX04566,CUST0959,662.99,UPI,None,16,5,2,1
TX04567,CUST0797,3126.01,Card,None,7,4,0,1
TX04568,CUST0105,63.25,Net Banking,None,7,0,3,1
TX04569,CUST0202,805.39,UPI,None,9,2,0,1
TX04570,CUST0450,5140.91,Card,None,17,15,1,1
TX04571,CUST0819,1839.47,Card,None,13,9,1,1
TX04572,CUST0843,3892.66,Net Banking,None,9,1,2,1
TX04573,CUST0973,143.42,UPI,None,9,8,1,1
TX04574,CUST0266,316.64,UPI,Insufficient Funds,20,20,0,1
TX04575,CUST0910,1833.62,Net Banking,None,12,5,1,1
TX04576,CUST0210,5170.01,UPI,None,19,1,1,1
TX04577,CUST0563,350.29,UPI,None,15,7,2,1
TX04578,CUST0118,744.15,Wallet,None,18,15,0,1
TX04579,CUST0713,1638.38,UPI,None,8,7,0,1
TX04580,CUST0377,256.6,Wallet,None,6,5,0,1
TX04581,CUST0551,1847.69,UPI,Bank Timeout,6,6,0,0
TX04582,CUST0540,75.51,UPI,None,3,0,1,1
TX04583,CUST0771,1794.07,Card,None,3,2,0,1
TX04584,CUST0084,405.42,Card,None,2,1,0,1
TX04585,CUST0454,700.93,Card,Bank Timeout,5,2,1,1
TX04586,CUST0667,2104.61,Card,None,20,17,1,1
TX04587,CUST0629,1715.14,Net Banking,None,12,3,0,1
TX04588,CUST0514,1087.92,UPI,None,6,1,0,1
TX04589,CUST0605,2890.08,UPI,None,16,4,3,1
TX04590,CUST0678,200.3,UPI,None,5,4,0,1
TX04591,CUST0387,1345.36,Card,Insufficient Funds,6,2,1,0
TX04592,CUST0912,497.62,UPI,None,4,4,0,1
TX04593,CUST0350,2746.36,UPI,None,14,10,0,1
TX04594,CUST0296,2179.97,Card,Insufficient Funds,3,0,2,0
TX04595,CUST0258,2260.52,UPI,None,17,4,1,1
TX04596,CUST0081,5683.84,UPI,None,5,2,0,1
TX04597,CUST0937,3382.42,Card,None,6,1,1,1
TX04598,CUST0268,936.9,UPI,None,20,2,0,1
TX04599,CUST0419,1095.24,Net Banking,None,4,2,0,1
TX04600,CUST0235,2000.07,Card,None,13,6,1,1
TX04601,CUST0833,1256.61,UPI,Expired Card,8,7,1,0
TX04602,CUST0311,2219.8,Card,Insufficient Funds,11,2,2,0
TX04603,CUST0813,117.88,UPI,Network Error,19,6,0,1
TX04604,CUST0975,7192.57,Card,None,5,1,1,1
TX04605,CUST0986,1165.64,Wallet,None,5,5,0,1
TX04606,CUST0357,216.49,Card,None,3,3,0,1
TX04607,CUST0213,439.75,Card,None,2,0,0,1
TX04608,CUST0574,130.41,UPI,Network Error,3,1,2,0
TX04609,CUST0049,368.62,UPI,None,15,15,0,1
TX04610,CUST0127,951.23,Net Banking,Insufficient Funds,7,0,0,0
TX04611,CUST0223,4987.62,UPI,None,3,2,1,1
TX04612,CUST0921,1653.54,UPI,None,15,14,0,1
TX04613,CUST0279,1384.18,UPI,None,11,1,2,1
TX04614,CUST0408,352.45,Card,None,16,4,0,1
TX04615,CUST0505,480.83,UPI,Insufficient Funds,13,6,1,0
TX04616,CUST0294,519.61,Net Banking,Expired Card,2,2,0,0
TX04617,CUST0796,541.24,UPI,None,20,4,0,1
TX04618,CUST0277,771.6,UPI,None,12,3,1,1
TX04619,CUST0438,832.13,Card,None,7,2,1,1
TX04620,CUST0107,781.27,UPI,None,1,0,0,1
TX04621,CUST0658,560.41,Card,None,14,1,0,1
TX04622,CUST0420,1255.2,UPI,Network Error,10,10,0,1
TX04623,CUST0611,800.78,UPI,None,3,0,0,1
TX04624,CUST0429,222.39,UPI,None,11,6,0,1
TX04625,CUST0375,1134.99,Net Banking,Network Error,20,17,0,1
TX04626,CUST0073,975.78,Card,None,15,2,0,1
TX04627,CUST0949,225.96,Card,None,6,4,0,1
TX04628,CUST0998,607.1,UPI,None,18,12,0,1
TX04629,CUST0634,1992.35,Card,None,13,5,0,1
TX04630,CUST0030,351.97,Card,None,15,11,1,1
TX04631,CUST0188,316.66,Net Banking,None,3,2,1,1
TX04632,CUST0364,792.44,Card,Insufficient Funds,15,10,0,0
TX04633,CUST0866,2044.55,Card,Insufficient Funds,1,1,0,0
TX04634,CUST0800,6703.11,UPI,Bank Timeout,10,0,0,1
TX04635,CUST0451,2119.5,Card,None,18,14,0,1
TX04636,CUST0195,3244.86,Card,Network Error,8,4,0,0
TX04637,CUST0156,1551.07,Net Banking,None,12,11,0,1
TX04638,CUST0172,552.74,UPI,None,5,0,3,1
TX04639,CUST0847,2104.24,UPI,None,1,0,0,1
TX04640,CUST0041,1006.66,UPI,None,8,3,1,1
TX04641,CUST0063,1598.84,UPI,None,5,4,0,1
TX04642,CUST0023,425.8,UPI,None,17,16,0,1
TX04643,CUST0360,1748.38,Net Banking,Authentication Failure,15,7,0,1
TX04644,CUST0075,972.13,Card,None,4,3,0,1
TX04645,CUST0560,1381.96,Net Banking,Insufficient Funds,13,2,0,0
TX04646,CUST0672,1007.2,Net Banking,None,17,0,1,1
TX04647,CUST0825,831.14,UPI,None,13,3,1,1
TX04648,CUST0118,1780.57,Card,None,2,2,0,1
TX04649,CUST0612,730.63,UPI,None,4,0,1,1
TX04650,CUST0380,223.93,Net Banking,None,2,0,0,1
TX04651,CUST0929,168.35,UPI,None,12,8,0,1
TX04652,CUST0920,1318.72,UPI,None,19,0,1,1
TX04653,CUST0679,701.19,UPI,None,18,10,1,1
TX04654,CUST0290,194.59,Card,Network Error,10,6,0,1
TX04655,CUST0440,1219.91,UPI,None,5,5,0,1
TX04656,CUST0668,998.37,UPI,None,11,3,0,1
TX04657,CUST0933,665.4,Card,Insufficient Funds,1,0,0,0
TX04658,CUST0007,1403.62,Net Banking,None,3,2,3,1
TX04659,CUST0196,4085.07,UPI,Network Error,17,13,0,0
TX04660,CUST0421,3962.34,Card,Network Error,15,2,2,0
TX04661,CUST0568,1266.19,Net Banking,Expired Card,14,10,2,0
TX04662,CUST0833,1007.56,UPI,None,15,14,0,1
TX04663,CUST0193,1284.0,Net Banking,None,16,10,0,1
TX04664,CUST0559,1493.69,UPI,None,4,0,1,1
TX04665,CUST0148,838.57,Card,None,19,17,0,1
TX04666,CUST0787,1305.76,Card,None,8,2,0,1
TX04667,CUST0669,227.32,Card,None,6,1,0,1
TX04668,CUST0202,1189.57,Net Banking,Insufficient Funds,16,5,0,0
TX04669,CUST0444,1766.6,UPI,None,3,0,0,1
TX04670,CUST0914,671.93,UPI,Insufficient Funds,8,6,0,0
TX04671,CUST0988,996.78,Card,Insufficient Funds,5,4,1,1
TX04672,CUST0419,360.86,Net Banking,None,5,4,3,1
TX04673,CUST0427,314.09,UPI,None,12,6,0,1
TX04674,CUST0479,1354.0,Net Banking,None,1,1,0,1
TX04675,CUST0475,528.71,UPI,Expired Card,7,3,0,0
TX04676,CUST0126,185.52,UPI,None,11,7,0,1
TX04677,CUST0395,360.76,Card,None,10,8,1,1
TX04678,CUST0817,417.22,UPI,None,3,1,1,1
TX04679,CUST0881,2379.34,Card,Authentication Failure,8,1,0,1
TX04680,CUST0806,1311.75,UPI,Bank Timeout,1,0,1,0
TX04681,CUST0576,458.7,UPI,None,8,0,1,1
TX04682,CUST0325,609.25,Card,None,20,10,0,1
TX04683,CUST0392,4072.79,Card,None,11,3,1,1
TX04684,CUST0930,2796.44,UPI,None,7,6,0,1
TX04685,CUST0688,358.5,UPI,Insufficient Funds,16,5,1,0
TX04686,CUST0628,3510.54,UPI,Network Error,7,3,0,0
TX04687,CUST0440,1011.68,Card,Network Error,13,6,0,0
TX04688,CUST0204,2439.65,Wallet,None,10,6,1,1
TX04689,CUST0486,931.4,Net Banking,None,17,7,0,1
TX04690,CUST0833,3589.72,UPI,None,3,3,1,1
TX04691,CUST0031,343.91,UPI,None,7,2,0,1
TX04692,CUST0388,849.42,Net Banking,None,11,2,1,1
TX04693,CUST0625,3701.38,Card,Network Error,13,9,0,1
TX04694,CUST0877,100.22,Card,None,5,3,1,1
TX04695,CUST0434,1047.27,Card,Network Error,19,14,0,1
TX04696,CUST0837,739.85,UPI,None,15,12,0,1
TX04697,CUST0926,2174.73,Card,None,1,0,0,1
TX04698,CUST0376,3196.83,Wallet,None,5,2,1,1
TX04699,CUST0344,2276.25,Card,None,13,7,0,1
TX04700,CUST0443,1395.49,UPI,None,10,1,3,1
TX04701,CUST0579,1142.03,UPI,Network Error,5,4,0,1
TX04702,CUST0075,778.44,UPI,None,1,0,1,1
TX04703,CUST0557,1352.86,Card,Bank Timeout,10,6,1,0
TX04704,CUST0772,4720.43,UPI,Network Error,18,4,1,0
TX04705,CUST0666,477.94,UPI,None,8,8,1,1
TX04706,CUST0155,733.57,Net Banking,Network Error,20,18,0,0
TX04707,CUST0430,1016.88,UPI,None,3,0,0,1
TX04708,CUST0363,2983.74,UPI,Network Error,19,16,0,1
TX04709,CUST0448,1371.01,UPI,None,19,18,0,1
TX04710,CUST0987,2932.12,UPI,None,2,1,0,1
TX04711,CUST0234,3084.39,UPI,None,17,6,0,1
TX04712,CUST0563,1982.35,Net Banking,None,16,5,0,1
TX04713,CUST0818,378.42,Net Banking,Bank Timeout,10,5,0,1
TX04714,CUST0262,5773.85,Card,Network Error,16,10,1,1
TX04715,CUST0827,4502.47,UPI,Authentication Failure,5,5,0,0
TX04716,CUST0125,1168.57,Card,None,20,6,0,1
TX04717,CUST0911,275.4,UPI,None,3,2,1,1
TX04718,CUST0245,230.33,UPI,None,3,3,0,1
TX04719,CUST0542,1414.19,Net Banking,None,2,1,0,1
TX04720,CUST0938,543.62,UPI,None,4,0,0,1
TX04721,CUST0485,196.92,UPI,None,18,10,1,1
TX04722,CUST0122,226.02,Card,None,2,2,0,1
TX04723,CUST0125,685.41,Card,None,6,6,0,1
TX04724,CUST0549,1332.66,UPI,None,3,0,0,1
TX04725,CUST0170,4472.55,UPI,None,3,2,0,1
TX04726,CUST0124,1779.74,UPI,Bank Timeout,2,2,1,1
TX04727,CUST0869,748.89,Card,None,3,0,1,1
TX04728,CUST0035,1603.51,UPI,Authentication Failure,17,10,1,1
TX04729,CUST0087,1466.4,UPI,None,14,12,0,1
TX04730,CUST0646,2297.43,Card,Authentication Failure,7,3,1,0
TX04731,CUST0708,1053.69,Net Banking,None,6,4,0,1
TX04732,CUST0786,3090.84,UPI,None,8,8,0,1
TX04733,CUST0201,2501.01,UPI,None,19,8,0,1
TX04734,CUST0369,1191.18,Card,Network Error,19,10,1,1
TX04735,CUST0797,973.38,Card,None,12,8,2,1
TX04736,CUST0077,2751.08,UPI,None,5,3,0,1
TX04737,CUST0059,537.28,UPI,Authentication Failure,5,1,2,0
TX04738,CUST0431,243.08,UPI,None,14,6,1,1
TX04739,CUST0638,241.7,UPI,None,17,3,0,1
TX04740,CUST0500,494.54,Card,None,16,13,1,1
TX04741,CUST0913,2121.02,UPI,None,4,4,0,1
TX04742,CUST0109,718.53,Net Banking,None,8,0,1,1
TX04743,CUST0736,1345.49,Card,None,3,2,1,1
TX04744,CUST0278,668.28,Card,Authentication Failure,5,3,0,0
TX04745,CUST0068,673.6,UPI,Network Error,7,1,2,0
TX04746,CUST0069,393.29,Card,None,18,5,0,1
TX04747,CUST0165,1000.35,UPI,None,8,6,1,1
TX04748,CUST0489,920.43,Net Banking,Expired Card,11,2,0,0
TX04749,CUST0305,1656.84,Wallet,Network Error,14,9,1,0
TX04750,CUST0909,1462.2,UPI,Authentication Failure,18,1,0,0
TX04751,CUST0674,900.41,UPI,None,13,12,1,1
TX04752,CUST0365,243.21,UPI,Network Error,6,3,0,1
TX04753,CUST0854,3198.95,Card,Network Error,13,11,2,0
TX04754,CUST0821,1007.23,Card,None,1,1,0,1
TX04755,CUST0379,1187.54,Net Banking,None,11,9,0,1
TX04756,CUST0343,5434.35,Card,None,7,6,0,1
TX04757,CUST0947,2719.55,UPI,None,10,0,1,1
TX04758,CUST0899,1713.77,Card,Bank Timeout,2,1,0,1
TX04759,CUST0554,1094.11,Card,Bank Timeout,16,2,0,1
TX04760,CUST0354,1083.94,Card,Insufficient Funds,5,3,1,0
TX04761,CUST0416,1394.25,Card,Bank Timeout,16,4,1,1
TX04762,CUST0109,1647.32,Card,None,16,14,0,1
TX04763,CUST0563,6071.75,Card,None,15,9,0,1
TX04764,CUST0762,13007.3,Card,Bank Timeout,9,2,0,1
TX04765,CUST0497,1465.95,Card,None,1,0,2,1
TX04766,CUST0341,127.32,Card,None,9,6,1,1
TX04767,CUST0942,423.37,Card,None,11,11,1,1
TX04768,CUST0383,6710.96,Card,None,5,1,1,1
TX04769,CUST0533,2249.93,Card,None,6,5,0,1
TX04770,CUST0300,1679.16,UPI,None,8,1,0,1
TX04771,CUST0139,928.12,UPI,None,15,1,0,1
TX04772,CUST0359,333.95,UPI,Authentication Failure,16,9,0,0
TX04773,CUST0836,5871.06,Card,Network Error,18,14,2,0
TX04774,CUST0499,481.44,Card,Bank Timeout,12,9,0,1
TX04775,CUST0385,2274.04,Wallet,None,4,1,2,1
TX04776,CUST0604,298.66,UPI,Bank Timeout,16,9,2,1
TX04777,CUST0959,884.17,UPI,Network Error,11,10,1,0
TX04778,CUST0280,2960.04,UPI,None,7,5,0,1
TX04779,CUST0637,854.32,UPI,Expired Card,15,11,0,0
TX04780,CUST0483,758.66,Card,None,17,7,0,1
TX04781,CUST0909,1108.36,UPI,Authentication Failure,15,6,1,0
TX04782,CUST0111,288.3,Card,None,10,1,0,1
TX04783,CUST0866,238.85,Card,None,4,0,0,1
TX04784,CUST0139,2240.01,Card,None,17,5,1,1
TX04785,CUST0996,718.95,Net Banking,None,4,2,2,1
TX04786,CUST0435,2222.72,UPI,None,11,7,2,1
TX04787,CUST0509,3354.92,UPI,Expired Card,4,0,0,0
TX04788,CUST0273,3636.01,Net Banking,Expired Card,12,2,2,0
TX04789,CUST0099,216.8,Net Banking,Expired Card,10,0,1,0
TX04790,CUST0764,545.76,UPI,None,14,9,1,1
TX04791,CUST0850,1877.29,UPI,Expired Card,18,6,0,0
TX04792,CUST0104,1906.46,UPI,None,6,5,1,1
TX04793,CUST0214,10398.72,UPI,Insufficient Funds,5,0,1,0
TX04794,CUST0761,442.48,Wallet,None,2,2,0,1
TX04795,CUST0664,3526.88,Card,None,13,9,0,1
TX04796,CUST0762,1591.25,UPI,Expired Card,14,10,1,1
TX04797,CUST0787,212.67,Net Banking,Authentication Failure,3,1,2,0
TX04798,CUST0165,634.09,Card,None,11,5,2,1
TX04799,CUST0999,1425.86,UPI,Bank Timeout,4,4,0,1
TX04800,CUST0853,199.46,Net Banking,None,13,3,0,1
TX04801,CUST0520,137.84,Net Banking,Network Error,8,5,0,0
TX04802,CUST0284,188.44,Net Banking,None,8,5,1,1
TX04803,CUST0517,1421.02,Card,None,13,11,1,1
TX04804,CUST0657,675.42,Card,None,10,2,0,1
TX04805,CUST0613,589.95,UPI,None,13,13,2,1
TX04806,CUST0164,610.56,Card,Network Error,13,1,1,1
TX04807,CUST0886,263.98,Wallet,None,17,2,0,1
TX04808,CUST0659,694.78,UPI,None,6,2,0,1
TX04809,CUST0064,177.61,Card,None,2,2,0,1
TX04810,CUST0091,3596.23,Card,None,17,17,0,1
TX04811,CUST0117,5957.04,UPI,Network Error,12,6,0,0
TX04812,CUST0866,107.12,Card,None,6,5,1,1
TX04813,CUST0267,686.0,UPI,None,5,2,1,1
TX04814,CUST0822,732.15,Card,None,5,4,0,1
TX04815,CUST0685,921.05,UPI,None,9,8,0,1
TX04816,CUST0559,2985.52,Net Banking,Insufficient Funds,3,2,1,0
TX04817,CUST0140,688.0,UPI,None,20,18,0,1
TX04818,CUST0246,1004.0,UPI,None,5,1,2,1
TX04819,CUST0661,21569.92,UPI,Network Error,7,0,0,0
TX04820,CUST0758,981.13,Net Banking,None,12,0,0,1
TX04821,CUST0395,6414.01,Card,Insufficient Funds,7,3,1,0
TX04822,CUST0487,1811.64,Card,None,10,2,1,1
TX04823,CUST0476,630.36,Card,Network Error,8,1,0,1
TX04824,CUST0517,533.4,Card,None,17,12,0,1
TX04825,CUST0977,1088.69,UPI,None,5,5,1,1
TX04826,CUST0184,355.5,Card,None,15,12,0,1
TX04827,CUST0020,462.26,UPI,Bank Timeout,9,6,0,1
TX04828,CUST0937,718.34,Wallet,Expired Card,11,4,1,0
TX04829,CUST0558,1470.48,Card,None,13,7,1,1
TX04830,CUST0524,6808.98,UPI,Bank Timeout,18,1,1,0
TX04831,CUST0582,675.22,UPI,None,17,7,0,1
TX04832,CUST0529,1739.79,Card,Expired Card,9,6,0,0
TX04833,CUST0883,215.32,UPI,Bank Timeout,10,10,0,0
TX04834,CUST0147,3166.2,UPI,None,5,4,1,1
TX04835,CUST0666,196.04,UPI,Network Error,11,1,1,0
TX04836,CUST0304,2436.67,Card,None,15,9,0,1
TX04837,CUST0620,1011.38,Card,None,2,2,0,1
TX04838,CUST0748,971.99,UPI,None,20,9,1,1
TX04839,CUST0820,812.19,UPI,Authentication Failure,14,3,0,0
TX04840,CUST0864,298.49,Card,Authentication Failure,5,3,0,1
TX04841,CUST0582,314.73,Card,Bank Timeout,6,5,0,1
TX04842,CUST0695,2531.38,UPI,Expired Card,15,8,2,0
TX04843,CUST0762,1109.8,UPI,Bank Timeout,4,2,3,0
TX04844,CUST0228,806.29,Net Banking,None,10,1,0,1
TX04845,CUST0102,1708.55,Wallet,None,19,7,0,1
TX04846,CUST0587,1213.56,Wallet,None,9,3,0,1
TX04847,CUST0417,496.24,Net Banking,None,10,10,0,1
TX04848,CUST0958,12848.68,UPI,None,4,2,0,1
TX04849,CUST0216,2300.21,UPI,None,4,3,0,1
TX04850,CUST0407,1245.22,UPI,Insufficient Funds,6,0,1,0
TX04851,CUST0399,656.15,UPI,Insufficient Funds,8,2,0,0
TX04852,CUST0923,2843.41,Wallet,None,16,1,1,1
TX04853,CUST0715,498.91,Card,Authentication Failure,8,2,1,0
TX04854,CUST0704,458.62,Card,None,16,4,0,1
TX04855,CUST0761,5962.98,UPI,Insufficient Funds,6,2,0,0
TX04856,CUST0499,1130.79,Net Banking,None,17,11,2,1
TX04857,CUST0754,511.14,Net Banking,None,1,0,1,1
TX04858,CUST0465,1102.89,UPI,Authentication Failure,19,4,0,0
TX04859,CUST0691,2566.21,Net Banking,None,18,1,0,1
TX04860,CUST0949,2041.12,UPI,None,17,3,2,1
TX04861,CUST0974,2905.21,UPI,None,17,5,0,1
TX04862,CUST0731,314.33,Card,None,12,8,0,1
TX04863,CUST0082,2833.16,Card,Expired Card,12,9,2,0
TX04864,CUST0604,916.85,UPI,None,6,5,1,1
TX04865,CUST0947,1198.83,UPI,Insufficient Funds,7,1,1,0
TX04866,CUST0687,3675.68,Wallet,None,8,1,0,1
TX04867,CUST0751,2214.38,Card,None,3,3,0,1
TX04868,CUST0772,1557.84,Card,None,17,8,1,1
TX04869,CUST0903,150.81,UPI,Network Error,8,3,1,0
TX04870,CUST0365,1047.85,UPI,None,11,0,0,1
TX04871,CUST0163,500.36,UPI,None,20,8,3,1
TX04872,CUST0048,2232.88,UPI,None,18,7,0,1
TX04873,CUST0511,2954.13,UPI,None,16,4,0,1
TX04874,CUST0329,810.76,UPI,Network Error,13,4,0,0
TX04875,CUST0840,562.82,Card,None,9,9,1,1
TX04876,CUST0116,5199.41,UPI,None,19,5,1,1
TX04877,CUST0941,599.95,Net Banking,None,7,7,1,1
TX04878,CUST0849,332.11,UPI,None,17,0,0,1
TX04879,CUST0337,476.91,Card,None,8,8,2,1
TX04880,CUST0881,629.55,UPI,None,8,4,0,1
TX04881,CUST0737,463.42,Card,None,3,2,0,1
TX04882,CUST0864,2553.94,UPI,None,16,10,1,1
TX04883,CUST0840,121.76,Wallet,None,12,7,0,1
TX04884,CUST0147,453.7,Card,Insufficient Funds,15,4,0,1
TX04885,CUST0575,1045.76,Card,Bank Timeout,4,2,0,0
TX04886,CUST0806,1353.23,UPI,None,7,5,0,1
TX04887,CUST0323,5954.1,Card,None,11,6,0,1
TX04888,CUST0443,5142.21,Card,Network Error,5,4,0,1
TX04889,CUST0837,221.24,UPI,Insufficient Funds,13,13,0,1
TX04890,CUST0013,162.71,Card,None,11,3,0,1
TX04891,CUST0943,1124.36,Net Banking,Bank Timeout,5,0,1,0
TX04892,CUST0494,559.37,Card,Network Error,8,3,0,0
TX04893,CUST0701,332.94,Net Banking,None,17,9,1,1
TX04894,CUST0287,1114.46,Net Banking,None,11,1,1,1
TX04895,CUST0720,1381.19,Net Banking,Network Error,19,3,1,0
TX04896,CUST0114,473.92,UPI,None,18,9,1,1
TX04897,CUST0480,587.52,Card,Network Error,10,0,0,0
TX04898,CUST0022,511.81,Card,Bank Timeout,5,5,0,1
TX04899,CUST0349,726.7,Card,Bank Timeout,1,1,1,1
TX04900,CUST0726,1884.55,Wallet,None,17,11,1,1
TX04901,CUST0683,373.19,UPI,None,17,11,0,1
TX04902,CUST0835,577.85,UPI,None,1,0,0,1
TX04903,CUST0566,735.62,UPI,Network Error,1,1,1,1
TX04904,CUST0906,1089.25,UPI,Insufficient Funds,9,4,1,0
TX04905,CUST0810,1445.17,UPI,None,4,3,1,1
TX04906,CUST0320,8452.84,Card,None,9,1,0,1
TX04907,CUST0126,1943.27,UPI,Authentication Failure,14,13,0,0
TX04908,CUST0277,1990.08,Card,Expired Card,15,12,0,0
TX04909,CUST0976,839.99,Card,None,16,11,0,1
TX04910,CUST0204,411.63,UPI,None,16,15,2,1
TX04911,CUST0194,646.64,UPI,Network Error,13,6,0,1
TX04912,CUST0681,538.97,Card,Network Error,14,5,0,1
TX04913,CUST0664,1623.32,Card,Expired Card,9,6,0,0
TX04914,CUST0547,210.34,Net Banking,None,9,7,1,1
TX04915,CUST0696,1983.33,Net Banking,None,4,0,0,1
TX04916,CUST0286,975.31,Wallet,None,10,9,1,1
TX04917,CUST0057,2283.23,Card,Insufficient Funds,3,0,2,0
TX04918,CUST0734,531.71,Net Banking,Insufficient Funds,9,4,0,1
TX04919,CUST0303,445.25,Net Banking,Expired Card,19,3,0,0
TX04920,CUST0163,730.21,Net Banking,None,16,10,1,1
TX04921,CUST0019,712.91,UPI,Bank Timeout,16,6,1,1
TX04922,CUST0370,2456.15,Wallet,None,17,12,0,1
TX04923,CUST0264,2432.82,Card,None,18,12,0,1
TX04924,CUST0794,7368.9,Card,None,10,4,1,1
TX04925,CUST0113,668.15,UPI,Bank Timeout,19,17,0,1
TX04926,CUST0488,38.57,UPI,Expired Card,15,8,0,0
TX04927,CUST0327,728.2,UPI,None,15,8,1,1
TX04928,CUST0542,1381.13,UPI,None,11,8,0,1
TX04929,CUST0647,2240.67,UPI,Bank Timeout,8,4,1,1
TX04930,CUST0579,1485.64,Net Banking,None,16,11,0,1
TX04931,CUST0065,667.62,UPI,Authentication Failure,10,8,0,1
TX04932,CUST0292,6088.54,UPI,None,9,0,1,1
TX04933,CUST0025,390.05,UPI,None,15,1,0,1
TX04934,CUST0549,833.27,Card,None,5,1,1,1
TX04935,CUST0001,372.45,UPI,None,20,20,0,1
TX04936,CUST0911,1118.31,UPI,None,2,0,0,1
TX04937,CUST0549,5372.27,Card,None,16,16,0,1
TX04938,CUST0141,952.48,Card,None,18,9,1,1
TX04939,CUST0744,958.34,UPI,None,16,8,0,1
TX04940,CUST0648,201.15,UPI,Authentication Failure,5,3,0,1
TX04941,CUST0901,823.04,UPI,None,1,1,0,1
TX04942,CUST0188,3465.07,Wallet,None,19,14,1,1
TX04943,CUST0128,853.86,UPI,Insufficient Funds,10,4,0,0
TX04944,CUST0201,798.08,Card,None,13,0,2,1
TX04945,CUST0127,3313.35,UPI,None,11,8,3,1
TX04946,CUST0257,801.46,Card,Network Error,15,7,0,0
TX04947,CUST0676,3992.02,UPI,Bank Timeout,2,0,0,0
TX04948,CUST0547,303.49,UPI,Insufficient Funds,6,5,2,0
TX04949,CUST0194,2159.98,Card,None,11,10,0,1
TX04950,CUST0703,5689.22,UPI,Insufficient Funds,15,13,2,0
TX04951,CUST0104,3004.47,UPI,None,9,3,0,1
TX04952,CUST0535,169.48,Card,None,12,7,0,1
TX04953,CUST0265,579.23,Wallet,Insufficient Funds,4,0,3,0
TX04954,CUST0802,860.96,UPI,None,14,6,0,1
TX04955,CUST0942,3010.78,Card,Insufficient Funds,3,3,0,1
TX04956,CUST0974,289.57,Wallet,None,17,2,1,1
TX04957,CUST0384,395.86,Net Banking,None,13,9,2,1
TX04958,CUST0260,220.27,Card,Authentication Failure,8,2,0,0
TX04959,CUST0414,480.2,Card,None,12,0,2,1
TX04960,CUST0991,313.69,UPI,Authentication Failure,12,12,1,1
TX04961,CUST0358,5420.3,Card,Authentication Failure,12,4,3,0
TX04962,CUST0075,574.0,UPI,Insufficient Funds,2,1,1,0
TX04963,CUST0355,2188.4,UPI,None,10,7,1,1
TX04964,CUST0584,1116.52,UPI,None,9,6,1,1
TX04965,CUST0771,1100.99,UPI,Insufficient Funds,1,1,0,1
TX04966,CUST0910,607.02,Card,Network Error,4,3,2,1
TX04967,CUST0188,2368.52,Card,None,14,10,0,1
TX04968,CUST0973,1279.65,Card,Expired Card,16,4,0,0
TX04969,CUST0685,1208.03,UPI,None,18,10,1,1
TX04970,CUST0992,605.82,UPI,Expired Card,2,0,0,0
TX04971,CUST0290,713.53,Card,None,6,4,1,1
TX04972,CUST0045,1976.16,Wallet,None,3,0,1,1
TX04973,CUST0573,1380.3,UPI,None,20,5,0,1
TX04974,CUST0083,1240.75,UPI,None,19,14,0,1
TX04975,CUST0123,515.92,Net Banking,Bank Timeout,13,6,0,1
TX04976,CUST0358,7662.61,UPI,None,17,15,2,1
TX04977,CUST0528,678.78,Net Banking,Expired Card,14,13,1,0
TX04978,CUST0066,1063.95,Card,None,11,10,0,1
TX04979,CUST0936,909.56,UPI,None,16,6,3,1
TX04980,CUST0657,7744.29,UPI,None,11,5,0,1
TX04981,CUST0375,819.9,UPI,None,18,11,0,1
TX04982,CUST0162,748.19,UPI,None,2,1,0,1
TX04983,CUST0746,1234.36,Net Banking,None,8,3,0,1
TX04984,CUST0380,548.1,Card,Network Error,14,13,1,1
TX04985,CUST0656,1226.11,Card,None,2,2,0,1
TX04986,CUST0358,11749.94,Card,None,13,9,1,1
TX04987,CUST0188,1479.85,UPI,Bank Timeout,10,1,1,0
TX04988,CUST0322,1426.88,Card,None,8,8,0,1
TX04989,CUST0450,534.91,Card,None,7,1,0,1
TX04990,CUST0474,6058.44,Card,None,13,10,0,1
TX04991,CUST0013,7623.82,UPI,None,19,15,0,1
TX04992,CUST0184,2572.62,Card,None,15,4,0,1
TX04993,CUST0111,2108.71,Net Banking,None,2,2,0,1
TX04994,CUST0927,867.17,UPI,Insufficient Funds,5,3,0,0
TX04995,CUST0508,1621.87,UPI,Insufficient Funds,19,2,2,0
TX04996,CUST0290,475.73,Card,None,1,0,0,1
TX04997,CUST0295,355.63,UPI,Expired Card,7,7,2,0
TX04998,CUST0451,247.8,Card,None,18,18,0,1
TX04999,CUST0904,1653.54,Wallet,None,1,0,3,1
TX05000,CUST0215,276.34,Card,None,1,1,0,1
